"PORT_CALL_ID","VOYAGE_ID","PORT_ID","TERMINAL_ID","TERMINAL_NAME","IS_BALLAST","COMMODITY_ID","DAYS_IN_PORT","DAYS_STOPPAGES","DAYS_EXTRA_IN_PORT"
1044149,1044146,101122,,"",0,,2,0,0
1044151,1044146,104130,,"",1,,2,0,0
1047592,1046167,102955,,"",0,,1.75,0,0
1047735,1046167,103578,,"",1,,6.754479166666667,0,0
1049015,1049012,101137,,"",1,,2.25,0,0.5
1049017,1049012,103527,,"",0,,2.25,0,0.5
1049470,1049467,100469,,"",0,,0.5,0,0.5
1049472,1049467,100469,,"",0,,0.5,0,0.5
1049474,1049467,102146,,"",0,,0.5,0,0.5
1049476,1049467,102955,,"",0,,5.261898148148148,0,0.5
1049478,1049467,100682,,"",1,,4.797673611111111,0,0.03577546296296296
1049480,1049467,104526,,"",0,,0.5,0,0.5
1050538,1050535,100469,,"",0,,0.5,0,0.5
1050540,1050535,104526,,"",0,,0.5,0,0.5
1050542,1050535,102146,,"",0,,0.5,0,0.5
1050544,1050535,100469,,"",0,,0.5,0,0.5
1051263,1051260,101122,,"",0,,2,0,0
1051265,1051260,104130,,"",1,,2,0,0
1051410,1051407,104526,,"",0,,6.395833333333333,0,0.5
1051412,1051407,101677,,"",1,,6.0625,0,0.5
1056840,1051407,101506,,"",0,,2.1708333333333334,0,0.5
1056842,1051407,102955,,"",0,,2.3208333333333333,0,0.5
1056844,1051407,106354,,"",0,,3.904166666666667,0,0.5
1056846,1051407,102567,,"",0,,0.9791666666666666,0,0.5
1057968,1051407,100963,,"",0,,1.85,0,1
1058141,1051407,101122,,"",0,,2.654166666666667,0,0.5
1069794,1051407,103274,,"",0,,2.6333333333333333,0,0.5
1083475,1051407,100817,,"",0,,1.0875,0,0.5
1051815,1051812,101677,,"",1,,2.5833333333333335,0,0.5
1051817,1051812,104526,,"",0,,2.5833333333333335,0,0.5
1065331,1051812,101506,,"",0,,0.5,0,0.5
1065333,1051812,101122,,"",0,,0.5,0,0.5
1065596,1051812,100963,,"",0,,1,0,1
1065786,1051812,106354,,"",0,,0.5,0,0.5
1052100,1052097,102955,,"",0,,2.25,0,0.5
1052102,1052097,103578,,"",1,,2.25,0,0.5
1053500,1053497,103029,,"",1,,4.158333333333333,0,0.5
1053502,1053497,100343,,"",0,,5.270833333333333,0,0.5
1054398,1054395,101799,,"",0,,2.25,0,0.5
1054400,1054395,103029,,"",1,,2.25,0,0.5
1054402,1054395,100343,,"",0,,0.5,0,0.5
1054404,1054395,100265,,"",0,,0.5,0,0.5
1056467,1056464,100682,,"",1,,5.261898148148148,0,0.5
1056469,1056464,100469,,"",0,,0.5,0,0.5
1056471,1056464,102955,,"",0,,5.261898148148148,0,0.5
1056473,1056464,102146,,"",0,,0.5,0,0.5
1056475,1056464,104526,,"",0,,0.5,0,0.5
1056477,1056464,100469,,"",0,,0.5,0,0.5
1059234,1059231,104526,,"",0,,0.5,0,0.5
1059236,1059231,100963,,"",0,,1,0,1
1059238,1059231,101677,,"",1,,0.5,0,0.5
1061194,1061191,106354,,"",0,,0.5,0,0.5
1061196,1061191,101677,,"",1,,3.7738078703703706,0,0.5
1061198,1061191,104526,,"",0,,3.5833333333333335,0,0.5
1061200,1061191,102955,,"",0,,0.5,0,0.5
1061202,1061191,100963,,"",0,,1,0,1
1061204,1061191,101506,,"",0,,5.25,0,0.5
1061206,1061191,102567,,"",0,,0.5,0,0.5
1061208,1061191,101122,,"",0,,2.5238078703703706,0,0.5
1061931,1061928,103029,,"",1,,2.25,0,0.5
1061933,1061928,100265,,"",0,,0.5,0,0.5
1061935,1061928,101799,,"",0,,2.25,0,0.5
1061937,1061928,100343,,"",0,,0.5,0,0.5
1062746,1062743,100343,,"",0,,0.5,0,0.5
1062748,1062743,100265,,"",0,,0.5,0,0.5
1062750,1062743,103029,,"",1,,2.25,0,0.5
1062752,1062743,101799,,"",0,,2.25,0,0.5
1064619,1064616,100682,,"",1,,5.261898148148148,0,0.5
1064621,1064616,100469,,"",0,,0.5,0,0.5
1064623,1064616,100469,,"",0,,0.5,0,0.5
1064625,1064616,104526,,"",0,,0.5,0,0.5
1064627,1064616,102955,,"",0,,5.261898148148148,0,0.5
1064629,1064616,102146,,"",0,,0.5,0,0.5
1066106,1066103,101122,,"",0,,2,0,0
1066108,1066103,104130,,"",1,,2,0,0
1066353,1066350,101122,,"",0,,2,0,0
1066355,1066350,104130,,"",1,,2,0,0
1066613,1066610,103029,,"",1,,0.5,0,0.5
1066615,1066610,101435,,"",0,,0.5,0,0.5
1066857,1066854,101651,,"",0,,2,0,2
1066859,1066854,102036,,"",0,,4,0,4
1066861,1066854,103315,,"",1,,2,0,2
1245221,1066854,103287,,"",0,,1.8518518518518519,0,0
1245223,1066854,100269,,"",0,,3.3333333333333335,0,0
1067592,1067589,102036,,"",0,,4,0,4
1067594,1067589,103315,,"",1,,2,0,2
1067596,1067589,101651,,"",0,,2,0,2
1067948,1067945,102379,,"",0,,2,0,0.25
1067950,1067945,104526,,"",1,,2,0,0.25
1070482,1070479,101506,,"",0,,4.25,0,0.5
1070484,1070479,103274,,"",0,,1.3333333333333333,0,0.5
1070486,1070479,101677,,"",1,,4.773819444444444,0,0.5
1070488,1070479,104526,,"",0,,2.5833333333333335,0,0.5
1070490,1070479,102567,,"",0,,0.5,0,0.5
1070492,1070479,101122,,"",0,,2.690474537037037,0,0.5
1070494,1070479,106354,,"",0,,0.5,0,0.5
1070496,1070479,102955,,"",0,,3.4166666666666665,0,0.5
1070498,1070479,100963,,"",0,,1,0,1
1072588,1072585,103274,,"",0,,1.3333333333333333,0,0.5
1072590,1072585,104526,,"",0,,2.5833333333333335,0,0.5
1072592,1072585,102955,,"",0,,3.4166666666666665,0,0.5
1072594,1072585,101677,,"",1,,4.773819444444444,0,0.5
1072596,1072585,100963,,"",0,,1,0,1
1072598,1072585,101506,,"",0,,4.25,0,0.5
1072600,1072585,102567,,"",0,,0.5,0,0.5
1072602,1072585,101122,,"",0,,2.690474537037037,0,0.5
1072604,1072585,106354,,"",0,,0.5,0,0.5
1074214,1074211,103029,,"",0,,2.4997453703703703,0,1.4997453703703705
1074216,1074211,104078,,"",1,,1.5,0,0.5
1087148,1087147,103707,,"",1,,2.25,0,0.5
1087150,1087147,100744,907609,"",0,,2.25,0,0.5
1092569,1092568,103707,,"",1,,2.25,0,0.5
1092571,1092568,100744,907609,"",0,,2.25,0,0.5
1093556,1093555,103514,,"",1,,3.4,0,0.5
1093558,1093555,100817,,"",0,,2,0,0.5
1093967,1093555,104493,,"",1,,0.5,0,0.5
1095382,1095379,102379,,"",0,,2,0,0.25
1095384,1095379,104526,,"",1,,2,0,0.25
1102173,1102168,103578,,"",1,,6.754479166666667,0,0
1102175,1102168,102955,,"",0,,1.75,0,0
1114138,1114135,104131,,"",1,,4.5,0,0.5
1114140,1114135,101122,,"",0,,2.5,0,0.5
1117975,1117971,104131,,"",1,,2.5,0,0.5
1117977,1117971,101122,,"",0,,2.5,0,0.5
1120117,1117971,104131,,"",0,,0.5,0,0.5
1120329,1117971,101122,,"",0,,0.5,0,0.5
1121842,1121839,101122,,"",0,,4.5,0,0.5
1121844,1121839,104131,,"",1,,4.5,0,0.5
1122309,1121839,104131,,"",0,,0.5,0,0.5
1122525,1121839,101122,,"",0,,0.5,0,0.5
1167727,1167726,101967,,"",0,,2,0,0.25
1167729,1167726,104526,,"",1,,2,0,0.25
1450429,1167726,103548,,"",0,,0.25,0,0.25
1450431,1167726,104416,,"",0,,0.25,0,0.25
1450479,1167726,100963,,"",0,,1,0,1
1176765,1176764,100682,,"",1,,5.011898148148148,0,0.25
1176767,1176764,100469,,"",0,,5.011904756944444,0,0.25
1178807,1178806,103029,,"",0,,3.5,0,0.5
1178809,1178806,102955,,"",1,,3.5,0,0.5
1186014,1186013,104419,,"",0,,0.5,0,0.5
1186016,1186013,104434,,"",0,,0.5,0,0.5
1186018,1186013,104435,,"",0,,0.5,0,0.5
1186020,1186013,110368,,"",1,,0.5,0,0.5
1186087,1186013,101690,,"",0,,1,0,1
1186236,1186013,101690,,"",0,,1,0,1
1206853,1206852,101122,,"",0,,2.5,0,0.5
1206855,1206852,104131,,"",0,,0.5,0,0.5
1206857,1206852,101122,,"",0,,0.5,0,0.5
1206859,1206852,104131,,"",1,,2.5,0,0.5
1699358,1216351,104698,,"",1,,4.841666666666667,0,0
1700549,1216351,104658,,"",1,,0.25,0,0.25
1217905,1217904,100469,,"",0,,5.011909722222223,0,0.25
1217907,1217904,100682,,"",1,,5.011898148148148,0,0.25
1218241,1218240,100469,,"",0,,5.011904756944444,0,0.25
1218243,1218240,100682,,"",1,,5.011904756944444,0,0.25
1218582,1218581,100682,,"",1,,5.011904756944444,0,0.25
1218584,1218581,100469,,"",0,,5.011904756944444,0,0.25
1218927,1218926,100469,,"",0,,5.011904756944444,0,0.25
1218929,1218926,100682,,"",1,,5.011904756944444,0,0.25
1219276,1219275,100682,,"",1,,5.011898148148148,0,0.25
1219278,1219275,100469,,"",0,,5.011909722222223,0,0.25
1219629,1219628,100469,,"",0,,5.011904756944444,0,0.25
1219631,1219628,100682,,"",1,,5.011904756944444,0,0.25
1219986,1219985,100682,,"",1,,5.011904756944444,0,0.25
1219988,1219985,100469,,"",0,,5.011904756944444,0,0.25
2110811,1219985,101690,,"",1,,1,0,1
1220348,1220347,100469,,"",0,,5.011904756944444,0,0.25
1220350,1220347,100682,,"",1,,5.011904756944444,0,0.25
1220715,1220714,100682,,"",1,,5.011904756944444,0,0.25
1220717,1220714,100469,,"",0,,5.011904756944444,0,0.25
1221086,1221085,100469,,"",0,,5.011904756944444,0,0.25
1221088,1221085,100682,,"",1,,5.011904756944444,0,0.25
1221461,1221460,100682,,"",1,,5.011904756944444,0,0.25
1221463,1221460,100469,,"",0,,5.011904756944444,0,0.25
1222853,1222852,100469,,"",0,,5.011909722222223,0,0.25
1222855,1222852,100682,,"",1,,5.011898148148148,0,0.25
1223492,1223491,104131,,"",1,,1.5,0,0.5
1223494,1223491,101122,,"",0,,1.5,0,0.5
1224030,1223491,100817,,"",0,,0.25,0,0.25
1224032,1223491,103514,,"",0,,0.25,0,0.25
1224952,1224951,104131,,"",1,,1.5,0,0.5
1224954,1224951,103514,,"",0,,0.25,0,0.25
1224956,1224951,100817,,"",0,,0.25,0,0.25
1224958,1224951,101122,,"",0,,1.5,0,0.5
1225692,1225691,103514,,"",0,,0.25,0,0.25
1225694,1225691,101122,,"",0,,1.5,0,0.5
1225696,1225691,100817,,"",0,,0.25,0,0.25
1225698,1225691,104131,,"",1,,1.5,0,0.5
1256964,1256959,100817,,"",0,,1.75,0,0.25
1257654,1256959,110855,,"",1,,0.25,0,0.25
1258774,1258771,101122,,"",0,,2.25,0,0.25
1259350,1258771,102546,,"",0,,0.25,0,0.25
1259771,1259762,100817,,"",0,,1.75,0,0.25
1259773,1259762,110855,,"",1,,0.25,0,0.25
1267166,1267163,104146,,"",1,,0.25,0,0.25
1267168,1267163,101770,,"",0,,0.25,0,0.25
1269185,1269182,104526,,"",1,,2,0,0.25
1269187,1269182,101967,,"",0,,2,0,0.25
1270273,1270270,103029,,"",0,,0.25,0,0.25
1270275,1270270,104526,,"",1,,2.25,0,0.25
1328192,1270270,101962,,"",0,,0.25,0,0.25
1270808,1270805,102825,,"",1,,3,0,0.25
1270810,1270805,103527,,"",0,,2,0,0.25
1271802,1270805,103378,,"",1,,0.5,0,0.5
1272645,1272642,103347,955845,"",1,,3.5833333333333335,0,0.25
1272647,1272642,100071,,"",0,,0.25,0,0.25
1272649,1272642,103287,,"",0,,2.1018518518518516,0,0.25
1274849,1274843,102825,,"",1,,4,0,0.25
1274851,1274843,103527,,"",0,,2,0,0.25
1274853,1274843,103378,,"",1,,0.5,0,0.5
1275462,1275456,104526,,"",1,,2.2497569444444445,0,0.25
1275464,1275456,103029,,"",0,,9.249629629629629,0,0.25
1758511,1275456,100963,,"",0,,1,0,1
1275905,1275899,102825,,"",1,,4,0,0.25
1275907,1275899,103378,,"",1,,0.5,0,0.5
1275909,1275899,103527,,"",0,,2,0,0.25
1276628,1276622,104526,,"",1,,2.2497569444444445,0,0.25
1276630,1276622,103029,,"",0,,0.25,0,0.25
1277629,1277164,103029,,"",0,,2.249386574074074,0,0.25
2769434,1277164,104078,,"",0,,0.25,0,0.25
1278960,1278957,102825,,"",1,,4.416666666666667,0,0.25
1278962,1278957,100651,,"",0,,5.805555555555555,0,0.25
1279646,1278957,103378,,"",1,,1,0,1
1279876,1278957,103271,,"",0,,1,0,1
1281970,1281967,103029,,"",1,,0.25,0,0.25
1281972,1281967,101122,,"",0,,0.25,0,0.25
1282436,1282433,103029,,"",0,,1.7810416666666666,0,0.7810416666666666
1282438,1282433,104559,,"",1,,1.25,0,0.25
1283803,1282433,104284,,"",0,,1.25,0,0.25
1332836,1282433,101962,,"",0,,0.25,0,0.25
1333051,1282433,100265,,"",0,,0.25,0,0.25
1282988,1282985,104559,,"",1,,1.25,0,0.25
1282990,1282985,107532,,"",0,,1.25,0,0.25
1284191,1282985,104284,908002,"THE RUKERT TERMINALS CORPORATION",0,,0.25,0,0.25
1285636,1285633,103315,911213,"",1,,6.75,0,0.25
1285638,1285633,102035,915733,"",0,,3.75,0,0.25
1285678,1285633,100963,,"",0,,1,0,1
1287136,1287130,104559,,"",1,,1.25,0,0.25
1287138,1287130,104284,,"",0,,1.25,0,0.25
1287140,1287130,103029,,"",0,,1.25,0,0.25
1288412,1288406,103029,,"",0,,1.25,0,0.25
1288414,1288406,104284,,"",0,,1.25,0,0.25
1288416,1288406,104559,,"",1,,1.25,0,0.25
1289678,1289673,104130,,"",1,,2,0,0
1289680,1289673,101122,,"",0,,2,0,0
1296563,1296562,101055,,"",0,,2,0,0
1319950,1319949,105591,,"",1,,1.5,0,0
1319952,1319949,101122,,"",0,,1.5,0,0
1381030,1381027,101110,,"",0,,0.25,0,0.25
1396576,1396573,102517,,"",1,,0.9166666666666666,0,0.9166666666666666
1396578,1396573,100195,,"",0,,3.6666666666666665,0,3.6666666666666665
1397008,1397007,103029,,"",1,,2.4722222222222223,0,0.25
1397010,1397007,100195,,"",0,,2.4722222222222223,0,0.25
1449391,1441884,101095,,"",0,,0.25,0,0.25
1449583,1441884,100817,,"",0,,0.25,0,0.25
1452346,1452308,103274,,"",0,,2.6333333333333333,0,0.5
1452354,1452308,100817,,"",0,,1.0875,0,0.5
1452362,1452308,100963,,"",0,,1.85,0,1
1452370,1452308,101122,,"",0,,2.654166666666667,0,0.5
1452378,1452308,104526,,"",0,,6.395833333333333,0,0.5
1452386,1452308,101677,,"",1,,6.0625,0,0.5
1452394,1452308,101506,,"",0,,2.1708333333333334,0,0.5
1452402,1452308,102955,,"",0,,2.3208333333333333,0,0.5
1452410,1452308,106354,,"",0,,3.904166666666667,0,0.5
1452418,1452308,102567,,"",0,,0.9791666666666666,0,0.5
1452512,1452492,103029,,"",1,,4.158333333333333,0,0.5
1452520,1452492,100343,,"",0,,5.270833333333333,0,0.5
1452613,1452594,103029,,"",1,,2.25,0,0.5
1452621,1452594,100265,,"",0,,0.5,0,0.5
1452629,1452594,101799,,"",0,,2.25,0,0.5
1452637,1452594,100343,,"",0,,0.5,0,0.5
1452655,1452647,102955,,"",0,,1.75,0,0
1452663,1452647,103578,,"",1,,6.754479166666667,0,0
1452716,1452697,100469,,"",0,,0.5,0,0.5
1452724,1452697,104526,,"",0,,0.5,0,0.5
1452732,1452697,102146,,"",0,,0.5,0,0.5
1452740,1452697,100469,,"",0,,0.5,0,0.5
1452748,1452697,100682,,"",1,,5.261898148148148,0,0.5
1452756,1452697,102955,,"",0,,5.261898148148148,0,0.5
1452809,1452790,100469,,"",0,,0.5,0,0.5
1452817,1452790,100469,,"",0,,0.5,0,0.5
1452825,1452790,102146,,"",0,,0.5,0,0.5
1452833,1452790,102955,,"",0,,5.261898148148148,0,0.5
1452841,1452790,100682,,"",1,,5.261898148148148,0,0.5
1452849,1452790,104526,,"",0,,0.5,0,0.5
1453052,1453020,101506,,"",0,,4.25,0,0.5
1453060,1453020,103274,,"",0,,1.3333333333333333,0,0.5
1453068,1453020,101677,,"",1,,4.773819444444444,0,0.5
1453076,1453020,104526,,"",0,,2.5833333333333335,0,0.5
1453084,1453020,102567,,"",0,,0.5,0,0.5
1453092,1453020,101122,,"",0,,2.690474537037037,0,0.5
1453100,1453020,106354,,"",0,,0.5,0,0.5
1453108,1453020,102955,,"",0,,3.4166666666666665,0,0.5
1453116,1453020,100963,,"",0,,1,0,1
1453142,1453126,103287,,"",0,,1.8518518518518519,0,0
1453150,1453126,100269,,"",0,,3.3333333333333335,0,0
1453158,1453126,101651,,"",0,,2,0,2
1453166,1453126,102036,,"",0,,4,0,4
1453174,1453126,103315,,"",1,,2,0,2
1453375,1453369,100469,,"",0,,5.011909722222223,0,0.25
1453383,1453369,100682,,"",1,,5.011898148148148,0,0.25
1453411,1453393,101962,,"",0,,0.25,0,0.25
1453419,1453393,103029,,"",0,,0.25,0,0.25
1453427,1453393,104526,,"",1,,2.25,0,0.25
1453459,1453437,101962,,"",0,,0.25,0,0.25
1453467,1453437,100265,,"",0,,0.25,0,0.25
1453475,1453437,103029,,"",0,,1.7810416666666666,0,0.7810416666666666
1453483,1453437,104559,,"",1,,1.25,0,0.25
1453491,1453437,104284,,"",0,,1.25,0,0.25
1453534,1453517,101095,,"",0,,0.25,0,0.25
1453542,1453517,100817,,"",0,,0.25,0,0.25
1453635,1453616,104131,,"",0,,0.5,0,0.5
1453643,1453616,101122,,"",0,,0.5,0,0.5
1453651,1453616,104131,,"",1,,2.5,0,0.5
1453659,1453616,101122,,"",0,,2.5,0,0.5
1471234,1471225,100817,,"",0,,0.25,0,0.25
1471240,1471225,101095,,"",0,,0.25,0,0.25
1472454,1472449,103029,,"",1,,2.4722222222222223,0,0.25
1472456,1472449,100195,,"",0,,2.4722222222222223,0,0.25
1472970,1472965,103029,,"",1,,0.5,0,0.5
1472972,1472965,101435,,"",0,,0.5,0,0.5
1492675,1492670,104526,,"",1,,2.2497569444444445,0,0.25
1492677,1492670,103029,,"",0,,0.25,0,0.25
1547548,1547545,104526,,"",1,,3.7666666666666666,0,0.3451388888888889
1564031,1564026,101967,,"",0,,2,0,0.25
1564033,1564026,104526,,"",1,,2,0,0.25
1569124,1569121,100694,,"",0,,0.25,0,0.25
1569126,1569121,104146,,"",1,,0.25,0,0.25
1570013,1570009,104146,,"",1,,0.25,0,0.25
1570015,1570009,100694,,"",0,,0.25,0,0.25
1571213,1571209,104146,,"",1,,0.25,0,0.25
1571215,1571209,100694,,"",0,,0.25,0,0.25
1571802,1571798,104146,,"",1,,0.25,0,0.25
1571804,1571798,100694,,"",0,,0.25,0,0.25
1593955,1593952,103029,,"",1,,2,0,0.25
1593957,1593952,101435,,"",0,,2,0,0.25
1595149,1595146,100195,,"",0,,0.25,0,0.25
1595151,1595146,103707,,"",1,,0.25,0,0.25
1597095,1597092,100265,,"",1,,0.25,0,0.25
1597097,1597092,110331,,"",0,,0.25,0,0.25
1597606,1597601,101110,,"",0,,0.25,0,0.25
1598030,1598027,104130,,"",1,,2,0,0
1598032,1598027,101122,,"",0,,2,0,0
1598450,1598447,103029,,"",1,,2,0,0.25
1598452,1598447,101435,,"",0,,2,0,0.25
1641801,1641798,101266,,"",1,,6.522789351851852,0,0.25
1641803,1641798,103029,,"",0,,0.25,0,0.25
1642757,1642754,104903,,"",1,,8.405011574074074,0,0.25
1642759,1642754,103029,,"",0,,0.25,0,0.25
1646704,1646701,103281,,"",1,,2.25,0,0.25
1646706,1646701,104441,,"",0,,2.2494444444444444,0,0.25
2728625,1646701,104360,,"",1,,0.25,0,0.25
1652140,1652137,101122,,"",0,,0.25,0,0.25
1652142,1652137,104131,,"",1,,0.25,0,0.25
1655476,1655473,105591,,"",1,,0.25,0,0.25
1655478,1655473,101122,954979,"",0,,0.25,0,0.25
1697449,1697446,103681,,"",0,,0.25,0,0.25
1697451,1697446,102825,,"",1,,0.25,0,0.25
1702040,1702035,104658,,"",1,,0.25,0,0.25
1702042,1702035,104698,,"",1,,4.841666666666667,0,0
1726717,1726713,103281,,"",1,,0.25,0,0.25
1726719,1726713,100817,,"",0,,0.25,0,0.25
1739853,1739850,101122,,"",0,,2.25,0,0.25
1742616,1742611,103707,,"",1,,0.25,0,0.25
1743205,1742611,104645,,"",1,,0.25,0,0.25
1749270,1749267,101122,,"",1,,0.25,0,0.25
1749272,1749267,103029,,"",0,,0.25,0,0.25
1749902,1749898,103029,,"",0,,0.25,0,0.25
1749904,1749898,101122,,"",1,,0.25,0,0.25
1751764,1751761,103029,,"",1,,9.05599537037037,0,0.25
1751766,1751761,101122,,"",0,,0.25,0,0.25
1752456,1752451,103029,,"",1,,0.25,0,0.25
1752458,1752451,101122,,"",0,,0.25,0,0.25
1753654,1753648,101266,,"",1,,6.522789351851852,0,0.25
1753656,1753648,103029,,"",0,,0.25,0,0.25
1754699,1754695,101122,,"",0,,0.25,0,0.25
1754701,1754695,104131,,"",1,,0.25,0,0.25
1756649,1756644,104645,,"",1,,0.25,0,0.25
1756651,1756644,103707,,"",1,,0.25,0,0.25
1760065,1760058,101110,,"",0,,0.25,0,0.25
1785190,1785171,100469,,"",0,,0.5,0,0.5
1785198,1785171,104526,,"",0,,0.5,0,0.5
1785206,1785171,102146,,"",0,,0.5,0,0.5
1785214,1785171,100469,,"",0,,0.5,0,0.5
1785255,1785240,103029,,"",1,,2.2978935185185185,0,0.25
1785263,1785240,101122,,"",0,,0.25,0,0.25
1785281,1785273,101122,,"",0,,0.25,0,0.25
1785289,1785273,104131,,"",1,,0.25,0,0.25
1785358,1785339,104131,,"",0,,0.5,0,0.5
1785366,1785339,101122,,"",0,,0.5,0,0.5
1785374,1785339,104131,,"",1,,2.5,0,0.5
1785382,1785339,101122,,"",0,,2.5,0,0.5
1785465,1785457,101122,,"",1,,0.25,0,0.25
1785473,1785457,103029,,"",0,,0.25,0,0.25
1796749,1796744,102355,,"",0,,2,0,0
1809623,1809610,104658,,"",1,,0.25,0,0.25
1809639,1809610,104698,,"",1,,4.841666666666667,0,0
1809699,1809689,101266,,"",1,,6.522789351851852,0,0.25
1809707,1809689,103029,,"",0,,0.25,0,0.25
1809806,1809793,104658,,"",1,,0.25,0,0.25
1809822,1809793,104698,,"",1,,4.841666666666667,0,0
1809882,1809872,101266,,"",1,,6.522789351851852,0,0.25
1809890,1809872,103029,,"",0,,0.25,0,0.25
1810454,1810449,104698,,"",1,,4.841666666666667,0,0
1810458,1810449,104658,,"",1,,0.25,0,0.25
1811159,1811156,104146,,"",1,,0.25,0,0.25
1811161,1811156,101770,,"",0,,0.25,0,0.25
1833240,1833237,104526,,"",1,,2,0,0.25
1833242,1833237,101967,,"",0,,2,0,0.25
1834187,1834182,104526,,"",1,,4,0,0.25
1834189,1834182,101967,,"",0,,4.104166666666667,0,0.25
2051339,1834182,103471,,"",0,,1,0,1
2054067,1834182,104421,957275,"",0,,0.4583333333333333,0,0.25
1840825,1840822,104424,,"",1,,6.916666666666667,0,4.916666666666667
1840827,1840822,102355,,"",0,,1.2496643518518518,0,0
2127317,1840822,108623,,"",1,,0.25,0,0.25
1853958,1853953,101967,,"",0,,2,0,0.25
1853960,1853953,104526,,"",1,,2,0,0.25
1854443,1854438,101967,,"",0,,2,0,0.25
1854445,1854438,104526,,"",1,,2,0,0.25
1999797,1854438,101371,,"",0,,0.25,0,0.25
1857428,1857423,102355,,"",0,,2,0,0
1857430,1857423,104424,,"",1,,6.333333333333333,0,0
1858350,1857909,103527,,"",1,,0.25,0,0.25
1858999,1858994,101967,,"",0,,2,0,0.25
1859001,1858994,104526,,"",1,,2,0,0.25
1866094,1866091,102355,,"",0,,2,0,2
1866096,1866091,103281,,"",1,,2,0,2
1876887,1876884,103905,,"",1,,5.25,0,4.25
1876889,1876884,101545,,"",0,,1.25,0,0.25
1876924,1876884,101690,,"",1,,1,0,1
1878596,1878592,101545,,"",0,,0.25,0,0.25
1878598,1878592,103905,,"",1,,0.25,0,0.25
1878600,1878592,101690,,"",1,,1,0,1
1882761,1882755,110855,,"",1,,6.999398148148148,0,6.999398148148148
1892577,1892574,108424,,"",1,,2.8903356481481484,0,0.25
1892579,1892574,101122,,"",0,,2.25,0,0.25
1893326,1893323,108424,,"",1,,2.25,0,0.25
1893328,1893323,100385,915460,"",0,,2.25,0,0.25
1894482,1893323,103888,915272,"",0,,0.25,0,0.25
1893865,1893860,108424,,"",1,,2.25,0,0.25
1893867,1893860,100385,915460,"",0,,2.25,0,0.25
1905219,1905214,101435,,"",0,,2,0,0.25
1905221,1905214,103029,,"",1,,1.75,0,0
1905852,1905847,103029,,"",1,,2,0,0.25
1905854,1905847,101435,,"",0,,2,0,0.25
1909424,1909421,104131,,"",1,,0.25,0,0.25
1909426,1909421,101122,,"",0,,0.25,0,0.25
1914784,1914781,104131,,"",1,,2.25,0,0.25
1914786,1914781,101122,,"",0,,2.25,0,0.25
1915716,1915713,101122,,"",0,,2.25,0,0.25
1915718,1915713,104131,,"",1,,2.25,0,0.25
1922509,1922508,103029,,"",0,,0.25,0,0.25
1922511,1922508,100955,,"",1,,0.25,0,0.25
1923050,1923049,103029,,"",0,,0.25,0,0.25
1923052,1923049,100955,,"",1,,0.25,0,0.25
1923959,1923958,101435,,"",0,,0.25,0,0.25
1923961,1923958,103029,,"",1,,0.25,0,0.25
1924459,1924458,103029,,"",1,,0.25,0,0.25
1924461,1924458,101435,,"",0,,0.25,0,0.25
1925026,1925025,103029,,"",1,,0.25,0,0.25
1925028,1925025,101435,,"",0,,0.25,0,0.25
1926503,1926502,103029,,"",1,,0.25,0,0.25
1926505,1926502,101435,,"",0,,0.25,0,0.25
1927076,1927075,103029,,"",1,,0.25,0,0.25
1945863,1927075,104420,,"",1,,0.25,0,0.25
2893833,1927075,101690,,"",1,,1,0,1
1927531,1927530,101435,,"",0,,0.25,0,0.25
1927533,1927530,103029,,"",1,,0.25,0,0.25
1941371,1941370,108623,,"",1,,0.25,0,0.25
1941373,1941370,108623,,"",0,,0.25,0,0.25
1941410,1941370,100963,,"",1,,1,0,1
1946183,1946180,103029,,"",1,,0.25,0,0.25
1947161,1946180,103029,,"",1,,0.25,0,0.25
2894118,1946180,101690,,"",1,,1,0,1
1946705,1946704,103029,,"",1,,0.25,0,0.25
1946707,1946704,101435,,"",0,,0.25,0,0.25
1951401,1951400,107748,,"",1,,0.25,0,0.25
1951403,1951400,104418,,"",0,,0.25,0,0.25
1951443,1951400,101690,,"",0,,1,0,1
1957384,1957381,100817,,"",1,,7,0,7
1959140,1959139,103029,,"",0,,2.25,0,0.25
1959142,1959139,101014,,"",0,,2.25,0,0.25
1959144,1959139,101234,,"",0,,2.25,0,0.25
1959146,1959139,103315,,"",1,,2.25,0,0.25
1976986,1976979,106354,,"",1,,8.583333333333334,0,0.25
1978168,1976979,100817,,"",1,,0.25,0,0.25
1982368,1981487,100817,,"",0,,0.25,0,0.25
1988373,1988372,103527,,"",0,,2.25,0,0.25
1988375,1988372,102825,,"",1,,2.25,0,0.25
1988992,1988372,103378,,"",1,,2,0,2
2003444,2003443,104420,,"",0,,0.25,0,0.25
2003446,2003443,104417,,"",1,,0.25,0,0.25
2003483,2003443,101690,,"",1,,1,0,1
2007877,2007876,106116,,"",1,,7.25,0,0.25
2007879,2007876,103670,,"",0,,2.25,0,0.25
2008559,2008558,110368,,"",1,,0.25,0,0.25
2008561,2008558,104420,,"",0,,0.25,0,0.25
2008603,2008558,101690,,"",0,,1,0,1
2009514,2009513,101967,,"",0,,1.75,0,0
2009516,2009513,104526,,"",1,,1.75,0,0
2009546,2009513,101690,,"",1,,1,0,1
2011422,2011421,103670,,"",0,,2.25,0,0.25
2011424,2011421,106116,,"",1,,4.772476851851851,0,0.25
2012009,2012008,103670,,"",0,,8,0,8
2012011,2012008,106116,,"",1,,6.98099537037037,0,0.25
2022710,2022707,106354,,"",0,,0.25,0,0.25
2022712,2022707,102858,,"",0,,0.25,0,0.25
2022714,2022707,101059,,"",0,,0.25,0,0.25
2022716,2022707,102513,,"",0,,0.25,0,0.25
2022718,2022707,106354,,"",0,,0.25,0,0.25
2022720,2022707,103793,,"",0,,0.25,0,0.25
2022722,2022707,102035,,"",0,,0.25,0,0.25
2025724,2025723,104526,,"",1,,0.25,0,0.25
2025726,2025723,101967,,"",0,,0.25,0,0.25
2027532,2027531,102825,,"",1,,2,0,0.25
2027534,2027531,103681,,"",0,,2,0,0.25
2057807,2027531,103378,,"",1,,1,0,1
2028426,2028423,101967,,"",0,,0.25,0,0.25
2028428,2028423,104526,,"",1,,0.25,0,0.25
2029150,2029147,104526,,"",1,,2.25,0,0.25
2029152,2029147,101967,,"",0,,2.25,0,0.25
2039328,2039325,104177,,"",0,,5.25,0,0.25
2039330,2039325,101122,,"",0,,1.9166666666666667,0,0.25
2039332,2039325,102513,,"",0,,0.25,0,0.25
2039334,2039325,106354,,"",0,,0.25,0,0.25
2039336,2039325,104168,,"",0,,0.25,0,0.25
2039338,2039325,101059,,"",0,,0.25,0,0.25
2039340,2039325,102955,,"",0,,6.5,0,0.25
2044271,2039325,103963,,"",0,,1,0,1
2046144,2039325,100817,,"",0,,0.5,0,0.5
2046643,2039325,103607,,"",1,,1.6666666666666667,0,0
2047161,2039325,100817,,"",0,,0.5,0,0.5
2047476,2039325,100817,,"",0,,2,0,2
2045684,2045663,100963,,"",1,,1,0,1
2049180,2049121,100963,,"",0,,1,0,1
2060670,2060665,102825,,"",1,,2,0,0.25
2060672,2060665,103681,,"",0,,2,0,0.25
2060674,2060665,103378,,"",1,,1,0,1
2061950,2061947,103527,,"",0,,2,0,0.25
2061952,2061947,102825,,"",1,,3,0,0.25
2062856,2061947,103378,,"",1,,1,0,1
2063273,2063270,103527,,"",0,,2,0,0.25
2063275,2063270,102825,,"",1,,3,0,0.25
2063736,2063270,103378,,"",1,,1,0,1
2064139,2064136,100817,,"",0,,2.25,0,0.25
2065516,2064136,101514,,"",1,,0.25,0,0.25
2065720,2065717,103527,,"",0,,2,0,0.25
2065722,2065717,102825,,"",1,,3,0,0.25
2066183,2065717,103378,,"",1,,0.5,0,0.5
2068325,2068304,101690,,"",1,,1,0,1
2069199,2069196,104419,909936,"",1,,0.25,0,0.25
2069201,2069196,104421,957274,"",0,,0.25,0,0.25
2069236,2069196,101690,,"",1,,1,0,1
2069399,2069196,102813,,"",0,,0.2,0,0.2
2070744,2070739,101967,,"",0,,2,0,0.25
2070746,2070739,104526,,"",1,,2,0,0.25
2075515,2075512,103029,,"",1,,0.25,0,0.25
2075517,2075512,104078,,"",0,,0.25,0,0.25
2076270,2076267,101122,,"",0,,0.25,0,0.25
2076272,2076267,104130,,"",1,,0.25,0,0.25
2076778,2076775,104418,,"",1,,0.25,0,0.25
2076780,2076775,101122,,"",0,,0.25,0,0.25
2077789,2077784,105591,,"",1,,1.5,0,0
2077791,2077784,101122,,"",0,,1.5,0,0
2078293,2078290,104417,,"",1,,2.9997685185185183,0,1
2078295,2078290,104417,,"",0,,0.25,0,0.25
2078330,2078290,101690,,"",1,,1,0,1
2079405,2079402,102825,,"",1,,3,0,0.25
2079407,2079402,101122,,"",0,,2,0,0.25
2080008,2079402,103378,,"",1,,0.5,0,0.5
2080540,2079402,103963,,"",0,,2,0,2
2084996,2084991,103963,,"",0,,2,0,2
2084998,2084991,101122,,"",0,,2,0,0.25
2085000,2084991,102825,,"",1,,3,0,0.25
2085002,2084991,103378,,"",1,,0.5,0,0.5
2085784,2085779,102825,,"",1,,3,0,0.25
2085786,2085779,101122,,"",0,,2,0,0.25
2085788,2085779,103963,,"",0,,2,0,2
2085790,2085779,103378,,"",1,,0.5,0,0.5
2087159,2087156,102825,,"",1,,4,0,0.25
2087161,2087156,101122,,"",0,,2,0,0.25
2087755,2087156,103963,,"",0,,2,0,2
2088093,2087156,103378,,"",1,,0.5,0,0.5
2091832,2091829,103899,,"",1,,0.25,0,0.25
2091834,2091829,102308,,"",0,,0.25,0,0.25
2091872,2091829,104109,,"",0,,0.5,0,0.5
2093058,2093055,104526,,"",1,,7.2498148148148145,0,0.25
2093060,2093055,103029,,"",0,,0.25,0,0.25
2104967,2104964,104146,,"",1,,0.25,0,0.25
2104969,2104964,101770,,"",0,,0.25,0,0.25
2106356,2106353,101122,,"",1,,0.25,0,0.25
2106358,2106353,104526,,"",0,,0.25,0,0.25
2108574,2108571,103378,,"",0,,2,0,0.25
2108576,2108571,102825,,"",1,,3,0,0.25
2108987,2108571,103378,,"",1,,0.5,0,0.5
2109533,2109530,102825,,"",1,,4,0,0.25
2109535,2109530,103378,,"",0,,2,0,0.25
2109938,2109530,103378,,"",1,,0.5,0,0.5
2119529,2119524,104526,,"",1,,4,0,0.25
2119531,2119524,101967,,"",0,,2,0,0.25
2121527,2121522,102955,,"",0,,2.630949074074074,0,0.25
2121529,2121522,100682,,"",1,,5.011898148148148,0,0.25
2152247,2121522,100469,,"",0,,2.6309523842592593,0,0.25
2123253,2123250,104526,,"",1,,2,0,0.25
2123255,2123250,102379,,"",0,,2,0,0.25
2123764,2123761,101040,,"",1,,8.583333333333334,0,0.25
2123766,2123761,103154,,"",0,,0.25,0,0.25
2123768,2123761,101749,,"",0,,0.25,0,0.25
2124554,2123761,103527,,"",0,,0.25,0,0.25
2125563,2123761,101278,,"",1,,3,0,3
2128146,2128143,104420,,"",1,,0.25,0,0.25
2128148,2128143,104419,909936,"",0,,0.25,0,0.25
2128186,2128143,101690,,"",0,,1,0,1
2140961,2128143,104417,,"",0,,0.25,0,0.25
2140980,2128143,101690,,"",0,,1,0,1
2141508,2128143,110876,,"",0,,0.25,0,0.25
2141525,2128143,100963,,"",0,,1,0,1
2143068,2143065,103315,,"",1,,0.25,0,0.25
2143070,2143065,102035,,"",0,,0.25,0,0.25
2145051,2145048,102379,,"",0,,0.25,0,0.25
2145053,2145048,101705,,"",1,,0.25,0,0.25
2145489,2145486,101588,,"",0,,0.25,0,0.25
2145491,2145486,103029,,"",1,,0.25,0,0.25
2146386,2146381,101705,,"",1,,0.25,0,0.25
2146388,2146381,102379,,"",0,,0.25,0,0.25
2152947,2152943,101967,,"",0,,2.25,0,0.25
2152949,2152943,104526,,"",1,,2.25,0,0.25
2153544,2153539,101749,,"",0,,0.25,0,0.25
2153546,2153539,101040,,"",1,,8.583333333333334,0,0.25
2153548,2153539,103527,,"",0,,0.25,0,0.25
2153550,2153539,101278,,"",1,,3,0,3
2153552,2153539,103154,,"",0,,0.25,0,0.25
2155049,2155044,101967,,"",0,,2.25,0,0.25
2155051,2155044,104526,,"",1,,2.25,0,0.25
2155820,2155815,103527,,"",0,,0.25,0,0.25
2155822,2155815,101278,,"",1,,3,0,3
2155826,2155815,101749,,"",0,,0.25,0,0.25
2155828,2155815,101040,,"",1,,8.583333333333334,0,0.25
2155830,2155815,103154,,"",0,,0.25,0,0.25
2157693,2157627,101690,,"",1,,1,0,1
2157856,2157627,100963,,"",0,,1,0,1
2174782,2174779,101122,,"",0,,2.25,0,0.25
2174784,2174779,104131,,"",1,,5.25,0,0.25
2206283,2206280,104526,,"",1,,2.3922569444444446,0,0.25
2206285,2206280,101967,,"",0,,2,0,0.25
2207157,2206280,103471,,"",0,,0.25,0,0.25
2209895,2209892,103029,,"",0,,2,0,0.25
2209897,2209892,104526,,"",1,,2,0,0.25
2212417,2212414,101973,,"",0,,0.25,0,0.25
2212419,2212414,104526,,"",1,,0.25,0,0.25
2212454,2212414,101690,,"",1,,1,0,1
2217476,2217471,100469,,"",0,,2.6309523842592593,0,0.25
2217478,2217471,102955,,"",0,,2.6309523842592593,0,0.25
2767849,2217471,103276,,"",0,,0.25,0,0.25
2218289,2218286,102955,,"",0,,0.25,0,0.25
2218291,2218286,100469,,"",0,,0.25,0,0.25
2218293,2218286,100682,,"",1,,0.25,0,0.25
2222278,2222263,104658,,"",1,,0.25,0,0.25
2222294,2222263,104698,,"",1,,4.841666666666667,0,0
2222368,2222360,102955,,"",0,,1.75,0,0
2222376,2222360,103578,,"",1,,6.754479166666667,0,0
2222420,2222410,101266,,"",1,,6.522789351851852,0,0.25
2222428,2222410,103029,,"",0,,0.25,0,0.25
2222506,2222494,104424,,"",1,,6.916666666666667,0,4.916666666666667
2222514,2222494,102355,,"",0,,1.2496643518518518,0,0
2222522,2222494,108623,,"",1,,0.25,0,0.25
2222551,2222532,100469,,"",0,,0.5,0,0.5
2222559,2222532,104526,,"",0,,0.5,0,0.5
2222567,2222532,102146,,"",0,,0.5,0,0.5
2222575,2222532,100469,,"",0,,0.5,0,0.5
2222760,2222752,103905,,"",1,,0.25,0,0.25
2222768,2222752,101545,,"",0,,0.25,0,0.25
2222776,2222752,101690,,"",1,,1,0,1
2222800,2222794,100694,,"",0,,0.25,0,0.25
2222808,2222794,104146,,"",1,,0.25,0,0.25
2222832,2222826,104146,,"",1,,0.25,0,0.25
2222840,2222826,100694,,"",0,,0.25,0,0.25
2222939,2222906,103029,,"",1,,9.05599537037037,0,0.25
2222947,2222906,101122,,"",0,,0.25,0,0.25
2222999,2222989,101122,,"",0,,0.25,0,0.25
2223007,2222989,104131,,"",1,,0.25,0,0.25
2223071,2223057,103707,,"",1,,0.25,0,0.25
2223079,2223057,104645,,"",1,,0.25,0,0.25
2223172,2223145,101095,,"",0,,0.25,0,0.25
2223180,2223145,100817,,"",0,,0.25,0,0.25
2223319,2223300,104131,,"",0,,0.5,0,0.5
2223327,2223300,101122,,"",0,,0.5,0,0.5
2223335,2223300,104131,,"",1,,2.5,0,0.5
2223343,2223300,101122,,"",0,,2.5,0,0.5
2223484,2223476,101122,,"",1,,0.25,0,0.25
2223492,2223476,103029,,"",0,,0.25,0,0.25
2223540,2223534,103281,,"",1,,0.25,0,0.25
2223548,2223534,100817,,"",0,,0.25,0,0.25
2372706,2372703,103378,,"",1,,1,0,1
2372708,2372703,103527,,"",0,,2,0,0.25
2372710,2372703,102825,,"",1,,3,0,0.25
2373239,2373236,102825,,"",1,,3,0,0.25
2373241,2373236,103681,,"",0,,2,0,0.25
2373646,2373236,103378,,"",1,,0.5,0,0.5
2375356,2375353,104526,,"",1,,0.25,0,0.25
2375358,2375353,101967,,"",0,,0.25,0,0.25
2426326,2426323,101122,,"",1,,0.25,0,0.25
2426328,2426323,103029,,"",0,,0.25,0,0.25
2494977,2494974,104526,,"",1,,2,0,0.25
2494979,2494974,101967,,"",0,,2,0,0.25
2509358,2509355,108127,,"",1,,6.5,0,0.25
2509360,2509355,104526,,"",0,,6.5,0,0.25
2510382,2509355,103963,,"",0,,0.5,0,0.5
2510703,2509355,100817,,"",0,,0.5,0,0.5
2515713,2515710,104526,,"",0,,0.25,0,0.25
2515715,2515710,103029,,"",1,,0.25,0,0.25
2537076,2537071,103571,,"",0,,2.25,0,0.25
2608973,2608970,103527,,"",0,,2,0,0.25
2608975,2608970,101744,,"",1,,2,0,0.25
2609407,2608970,103758,,"",1,,0.5,0,0.5
2628510,2628507,104526,,"",0,,0.25,0,0.25
2628512,2628507,103029,,"",1,,0.25,0,0.25
2628931,2628928,103707,953766,"",1,,6.5,0,0
2628933,2628928,100817,913253,"",0,,1.9994212962962963,0,0
2630230,2630227,104526,,"",1,,2,0,0.25
2630232,2630227,101967,,"",0,,2,0,0.25
2639327,2639324,104418,,"",0,,0.25,0,0.25
2639329,2639324,104417,,"",1,,0.25,0,0.25
2639367,2639324,101690,,"",0,,1,0,1
2639985,2639982,110876,,"",0,,0.25,0,0.25
2639987,2639982,104420,,"",1,,0.25,0,0.25
2640022,2639982,101690,,"",1,,1,0,1
2640185,2639982,100963,,"",0,,1,0,1
2644934,2644918,104424,,"",1,,6.916666666666667,0,4.916666666666667
2644942,2644918,102355,,"",0,,1.2496643518518518,0,0
2644950,2644918,108623,,"",1,,0.25,0,0.25
2644987,2644968,100469,,"",0,,0.5,0,0.5
2644995,2644968,104526,,"",0,,0.5,0,0.5
2645003,2644968,102146,,"",0,,0.5,0,0.5
2645011,2644968,100469,,"",0,,0.5,0,0.5
2645819,2645803,104424,,"",1,,6.916666666666667,0,4.916666666666667
2645827,2645803,102355,,"",0,,1.2496643518518518,0,0
2645835,2645803,108623,,"",1,,0.25,0,0.25
2646141,2646140,101426,,"",1,,2,0,0.25
2646143,2646140,104526,,"",0,,2,0,0.25
2646892,2646891,103011,,"",0,,0.25,0,0.25
2646894,2646891,100817,,"",1,,0.25,0,0.25
2648939,2648938,104526,,"",0,,2,0,0.25
2648941,2648938,103029,,"",1,,2,0,0.25
2649557,2648938,102742,,"",0,,0.25,0,0.25
2652627,2652626,100469,,"",0,,9.773809525462964,0,0.25
2652629,2652626,100682,,"",1,,9.773809525462964,0,0.25
2661667,2661666,100817,,"",0,,0.25,0,0.25
2661669,2661666,103707,,"",1,,0.25,0,0.25
2662322,2662321,101435,,"",0,,0.25,0,0.25
2662324,2662321,103029,,"",1,,0.25,0,0.25
2666911,2666910,101719,959440,"",1,,2,0,0.25
2666913,2666910,101967,,"",0,,2,0,0.25
2667529,2667528,104526,,"",0,,2,0,0.25
2667531,2667528,103029,,"",1,,2,0,0.25
2669638,2669637,104526,,"",1,,2,0,0.25
2669640,2669637,101967,,"",0,,2,0,0.25
2678694,2678693,100071,,"",0,,0.25,0,0.25
2678696,2678693,104130,,"",1,,0.25,0,0.25
2679116,2679115,104266,,"",1,,0.25,0,0.25
2679118,2679115,100071,,"",0,,0.25,0,0.25
2679155,2679115,104109,,"",1,,0.5,0,0.5
2679318,2679115,104109,,"",0,,0.5,0,0.5
2684266,2684265,105590,,"",1,,3.0458333217592592,0,0.25
2684268,2684265,100517,,"",0,,2.0006944444444446,0,0.25
2685352,2685351,104526,,"",1,,5,0,0.25
2685354,2685351,103670,,"",0,,2,0,0.25
2689926,2689339,101967,,"",0,,2,0,0.25
2689928,2689339,104526,,"",1,,2,0,0.25
2711860,2711859,101967,,"",0,,2,0,0.25
2711862,2711859,104526,,"",1,,5,0,0.25
2730006,2730005,102351,,"",0,,1,0,1
2730008,2730005,103029,,"",1,,2.25,0,2.25
2730010,2730005,101234,,"",0,,2.25,0,2.25
2730012,2730005,101014,,"",0,,2.25,0,2.25
2731533,2731532,103029,,"",1,,2.25,0,2.25
2731535,2731532,102351,,"",0,,1,0,1
2731537,2731532,101014,,"",0,,2.25,0,2.25
2731539,2731532,101234,,"",0,,2.25,0,2.25
2732473,2732472,102517,,"",1,,4.746666666666667,0,2.25
2732475,2732472,100195,,"",0,,3.5695833333333336,0,0.2702777777777778
2733213,2733212,110107,,"",1,,1,0,1
2733215,2733212,104040,960119,"Alcoa - Berth 4",0,,4,0,4
2733217,2733212,103370,,"",0,,2.5,0,2.5
2734067,2733212,101690,,"",0,,2,0,2
2734567,2734566,103370,,"",0,,2.5,0,2.5
2734569,2734566,104040,960119,"Alcoa - Berth 4",0,,4,0,4
2734571,2734566,110107,,"",1,,1,0,1
2734573,2734566,101690,,"",0,,2,0,2
2735627,2735626,100195,,"",0,,4,0,4
2735629,2735626,102517,,"",1,,2.25,0,2.25
2739925,2739924,103459,,"",0,,2.75,0,0.25
2739927,2739924,100551,,"",1,,2.75,0,0.25
2739929,2739924,101122,,"",0,,5.25,0,0.25
2742747,2739924,103963,,"",0,,1,0,1
2744125,2739924,103011,,"",1,,1,0,1
2746205,2745089,103963,,"",0,,0.25,0,0.25
2748133,2748132,103011,,"",1,,1,0,1
2748135,2748132,103459,,"",0,,2.75,0,0.25
2748137,2748132,103963,,"",0,,1,0,1
2748139,2748132,101122,,"",0,,5.25,0,0.25
2748141,2748132,100551,,"",1,,2.75,0,0.25
2749355,2748132,100946,,"",0,,3.861111111111111,0,0.25
2749357,2748132,103274,,"",0,,3.861111111111111,0,0.25
2762631,2748132,100817,,"",0,,0.5,0,0.5
2752772,2752771,104078,,"",1,,0.25,0,0.25
2752774,2752771,103029,,"",0,,0.25,0,0.25
2753391,2753390,103378,,"",1,,0.5,0,0.5
2753393,2753390,103527,,"",0,,2,0,0.25
2753395,2753390,102825,,"",1,,2,0,0.25
2754182,2754181,101122,,"",0,,6.916666666666667,0,0.25
2754184,2754181,100551,,"",1,,6.916666666666667,0,0.25
2754186,2754181,103459,,"",0,,0.25,0,0.25
2761761,2754181,103963,,"",0,,1,0,1
2762227,2754181,100817,,"",0,,0.5,0,0.5
2755289,2755288,102825,,"",1,,3,0,0.25
2755291,2755288,103378,,"",0,,2,0,0.25
2755293,2755288,103378,,"",1,,0.5,0,0.5
2757882,2757881,100611,,"",0,,0.25,0,0.25
2757884,2757881,100817,,"",1,,2.25,0,0.25
2763071,2763070,101122,,"",0,,5.25,0,0.25
2763075,2763070,100817,,"",0,,0.5,0,0.5
2763079,2763070,103011,,"",1,,1,0,1
2763081,2763070,103963,,"",0,,1,0,1
2763083,2763070,103459,,"",0,,2.75,0,0.25
2763085,2763070,100551,,"",1,,2.75,0,0.25
2765035,2763070,100817,,"",0,,0.25,0,0.25
2766266,2766263,100817,,"",0,,0.25,0,0.25
2774205,2774202,101379,,"",0,,2.5,0,2.5
2774207,2774202,101390,,"",0,,2.5,0,2.5
2774209,2774202,106681,,"",1,,2.5,0,2.5
2774939,2774202,110107,,"",1,,0.25,0,0.25
2775425,2775420,101379,,"",0,,2.5,0,2.5
2775427,2775420,110107,,"",1,,0.25,0,0.25
2775429,2775420,101390,,"",0,,2.5,0,2.5
2775431,2775420,106681,,"",1,,2.5,0,2.5
2805529,2805526,102886,,"",0,,0.25,0,0.25
2805531,2805526,101137,,"",1,,1.2506944444444446,0,0.25
2806444,2806438,102886,,"",0,,0.25,0,0.25
2806446,2806438,101137,,"",1,,1.2506944444444446,0,0.25
2808848,2808847,103029,,"",1,,6.0540625,0,2.3332291666666665
2808850,2808847,101122,,"",0,,2,0,2
2809462,2808847,102379,,"",1,,1.4180555555555556,0,1.3347222222222221
2810716,2808847,103742,,"",1,,0.2911574074074074,0,0.2911574074074074
2809904,2809903,102379,,"",1,,0.25,0,0.25
2809906,2809903,103029,,"",1,,2,0,2
2809908,2809903,101122,,"",0,,2,0,2
2828482,2828481,101435,,"",0,,2,0,0.25
2828484,2828481,103029,,"",1,,2,0,0.25
2829216,2829215,103029,,"",1,,2.25,0,0.25
2829218,2829215,101014,,"",0,,2.25,0,0.25
2829856,2829215,101588,,"",1,,0.25,0,0.25
2855611,2855608,102035,,"",0,,0.25,0,0.25
2855613,2855608,103707,,"",1,,0.25,0,0.25
2873705,2873702,101266,,"",1,,0.25,0,0.25
2873707,2873702,104546,,"",0,,0.25,0,0.25
2874703,2874690,102886,,"",0,,0.25,0,0.25
2874711,2874690,101137,,"",1,,1.2506944444444446,0,0.25
2874778,2874769,110107,,"",1,,1,0,1
2874786,2874769,104040,960119,"",0,,4,0,4
2874794,2874769,103370,,"",0,,2.5,0,2.5
2874802,2874769,101690,,"",0,,2,0,2
2874823,2874812,102351,,"",0,,1,0,1
2874831,2874812,103029,,"",1,,2.25,0,2.25
2874839,2874812,101234,,"",0,,2.25,0,2.25
2874847,2874812,101014,,"",0,,2.25,0,2.25
2874870,2874857,103029,,"",1,,2.4722222222222223,0,0.25
2874878,2874857,100195,,"",0,,2.4722222222222223,0,0.25
2874935,2874912,100469,,"",0,,5.011909722222223,0,0.25
2874943,2874912,100682,,"",1,,5.011898148148148,0,0.25
2874972,2874953,104526,,"",1,,2.2497569444444445,0,0.25
2874980,2874953,103029,,"",0,,9.249629629629629,0,0.25
2875020,2874953,100963,,"",0,,1,0,1
2875053,2875030,103029,,"",1,,2.25,0,0.5
2875061,2875030,100265,,"",0,,0.5,0,0.5
2875069,2875030,101799,,"",0,,2.25,0,0.5
2875077,2875030,100343,,"",0,,0.5,0,0.5
2875141,2875127,101749,,"",0,,0.25,0,0.25
2875149,2875127,101040,,"",1,,8.583333333333334,0,0.25
2875157,2875127,103527,,"",0,,0.25,0,0.25
2875165,2875127,101278,,"",1,,3,0,3
2875173,2875127,103154,,"",0,,0.25,0,0.25
2875201,2875191,101967,,"",0,,2.25,0,0.25
2875209,2875191,104526,,"",1,,2.25,0,0.25
2875227,2875219,101435,,"",0,,2,0,0.25
2875235,2875219,103029,,"",1,,1.75,0,0
2875378,2875344,101506,,"",0,,4.25,0,0.5
2875386,2875344,103274,,"",0,,1.3333333333333333,0,0.5
2875394,2875344,101677,,"",1,,4.773819444444444,0,0.5
2875402,2875344,104526,,"",0,,2.5833333333333335,0,0.5
2875410,2875344,102567,,"",0,,0.5,0,0.5
2875418,2875344,101122,,"",0,,2.690474537037037,0,0.5
2875426,2875344,106354,,"",0,,0.5,0,0.5
2875434,2875344,102955,,"",0,,3.4166666666666665,0,0.5
2875442,2875344,100963,,"",0,,1,0,1
2875532,2875516,102517,,"",1,,0.9166666666666666,0,0.9166666666666666
2875540,2875516,100195,,"",0,,3.6666666666666665,0,3.6666666666666665
2875605,2875574,101962,,"",0,,0.25,0,0.25
2875613,2875574,100265,,"",0,,0.25,0,0.25
2875621,2875574,103029,,"",0,,1.7810416666666666,0,0.7810416666666666
2875629,2875574,104559,,"",1,,1.25,0,0.25
2875637,2875574,104284,,"",0,,1.25,0,0.25
2875681,2875663,101110,,"",0,,0.25,0,0.25
2875710,2875691,104526,,"",1,,3.7666666666666666,0,0.3451388888888889
2875761,2875736,100469,,"",0,,0.5,0,0.5
2875769,2875736,100469,,"",0,,0.5,0,0.5
2875777,2875736,102146,,"",0,,0.5,0,0.5
2875785,2875736,102955,,"",0,,5.261898148148148,0,0.5
2875793,2875736,100682,,"",1,,4.797673611111111,0,0.03577546296296296
2875801,2875736,104526,,"",0,,0.5,0,0.5
2875953,2875942,110107,,"",1,,0.25,0,0.25
2875961,2875942,101379,,"",0,,2.5,0,2.5
2875969,2875942,101390,,"",0,,2.5,0,2.5
2875977,2875942,106681,,"",1,,2.5,0,2.5
2876006,2875987,103287,,"",0,,1.8518518518518519,0,0
2876014,2875987,100269,,"",0,,3.3333333333333335,0,0
2876022,2875987,101651,,"",0,,2,0,2
2876030,2875987,102036,,"",0,,4,0,4
2876038,2875987,103315,,"",1,,2,0,2
2876059,2876048,102517,,"",1,,4.746666666666667,0,2.25
2876067,2876048,100195,,"",0,,3.5695833333333336,0,0.2702777777777778
2876109,2876101,102379,,"",0,,0.25,0,0.25
2876117,2876101,101705,,"",1,,0.25,0,0.25
2876224,2876199,101962,,"",0,,0.25,0,0.25
2876232,2876199,103029,,"",0,,0.25,0,0.25
2876240,2876199,104526,,"",1,,2.25,0,0.25
2876318,2876306,101967,,"",0,,2,0,0.25
2876326,2876306,104526,,"",1,,2,0,0.25
2876334,2876306,101371,,"",0,,0.25,0,0.25
2876421,2876400,101435,,"",0,,4,0,0
2876429,2876400,103029,,"",1,,0.25,0,0.25
2876437,2876400,103029,,"",1,,0.25,0,0.25
2876483,2876471,103029,,"",1,,0.25,0,0.25
2876491,2876471,103029,,"",1,,0.25,0,0.25
2876525,2876517,103029,,"",0,,0.25,0,0.25
2876533,2876517,100955,,"",1,,0.25,0,0.25
2876559,2876551,103029,,"",1,,0.25,0,0.25
2876567,2876551,101435,,"",0,,0.25,0,0.25
2876709,2876696,102886,,"",0,,0.25,0,0.25
2876717,2876696,101137,,"",1,,1.2506944444444446,0,0.25
2876784,2876775,110107,,"",1,,1,0,1
2876792,2876775,104040,960119,"",0,,4,0,4
2876800,2876775,103370,,"",0,,2.5,0,2.5
2876808,2876775,101690,,"",0,,2,0,2
2876829,2876818,102351,,"",0,,1,0,1
2876837,2876818,103029,,"",1,,2.25,0,2.25
2876845,2876818,101234,,"",0,,2.25,0,2.25
2876853,2876818,101014,,"",0,,2.25,0,2.25
2876943,2876927,102517,,"",1,,0.9166666666666666,0,0.9166666666666666
2876951,2876927,100195,,"",0,,3.6666666666666665,0,3.6666666666666665
2876974,2876961,103029,,"",1,,2.4722222222222223,0,0.25
2876982,2876961,100195,,"",0,,2.4722222222222223,0,0.25
2877039,2877016,100469,,"",0,,5.011909722222223,0,0.25
2877047,2877016,100682,,"",1,,5.011898148148148,0,0.25
2877112,2877081,101962,,"",0,,0.25,0,0.25
2877120,2877081,100265,,"",0,,0.25,0,0.25
2877128,2877081,103029,,"",0,,1.7810416666666666,0,0.7810416666666666
2877136,2877081,104559,,"",1,,1.25,0,0.25
2877144,2877081,104284,,"",0,,1.25,0,0.25
2877173,2877154,104526,,"",1,,2.2497569444444445,0,0.25
2877181,2877154,103029,,"",0,,9.249629629629629,0,0.25
2877221,2877154,100963,,"",0,,1,0,1
2877254,2877231,103029,,"",1,,2.25,0,0.5
2877262,2877231,100265,,"",0,,0.5,0,0.5
2877270,2877231,101799,,"",0,,2.25,0,0.5
2877278,2877231,100343,,"",0,,0.5,0,0.5
2877322,2877304,101110,,"",0,,0.25,0,0.25
2877386,2877372,101749,,"",0,,0.25,0,0.25
2877394,2877372,101040,,"",1,,8.583333333333334,0,0.25
2877402,2877372,103527,,"",0,,0.25,0,0.25
2877410,2877372,101278,,"",1,,3,0,3
2877418,2877372,103154,,"",0,,0.25,0,0.25
2877446,2877436,101967,,"",0,,2.25,0,0.25
2877454,2877436,104526,,"",1,,2.25,0,0.25
2877483,2877464,104526,,"",1,,3.7666666666666666,0,0.3451388888888889
2877509,2877501,101435,,"",0,,2,0,0.25
2877517,2877501,103029,,"",1,,1.75,0,0
2877560,2877535,100469,,"",0,,0.5,0,0.5
2877568,2877535,100469,,"",0,,0.5,0,0.5
2877576,2877535,102146,,"",0,,0.5,0,0.5
2877584,2877535,102955,,"",0,,5.261898148148148,0,0.5
2877592,2877535,100682,,"",1,,4.797673611111111,0,0.03577546296296296
2877600,2877535,104526,,"",0,,0.5,0,0.5
2877743,2877709,101506,,"",0,,4.25,0,0.5
2877751,2877709,103274,,"",0,,1.3333333333333333,0,0.5
2877759,2877709,101677,,"",1,,4.773819444444444,0,0.5
2877767,2877709,104526,,"",0,,2.5833333333333335,0,0.5
2877775,2877709,102567,,"",0,,0.5,0,0.5
2877783,2877709,101122,,"",0,,2.690474537037037,0,0.5
2877791,2877709,106354,,"",0,,0.5,0,0.5
2877799,2877709,102955,,"",0,,3.4166666666666665,0,0.5
2877807,2877709,100963,,"",0,,1,0,1
2877959,2877948,110107,,"",1,,0.25,0,0.25
2877967,2877948,101379,,"",0,,2.5,0,2.5
2877975,2877948,101390,,"",0,,2.5,0,2.5
2877983,2877948,106681,,"",1,,2.5,0,2.5
2878012,2877993,103287,,"",0,,1.8518518518518519,0,0
2878020,2877993,100269,,"",0,,3.3333333333333335,0,0
2878028,2877993,101651,,"",0,,2,0,2
2878036,2877993,102036,,"",0,,4,0,4
2878044,2877993,103315,,"",1,,2,0,2
2878065,2878054,102517,,"",1,,4.746666666666667,0,2.25
2878073,2878054,100195,,"",0,,3.5695833333333336,0,0.2702777777777778
2878115,2878107,102379,,"",0,,0.25,0,0.25
2878123,2878107,101705,,"",1,,0.25,0,0.25
2878230,2878205,101962,,"",0,,0.25,0,0.25
2878238,2878205,103029,,"",0,,0.25,0,0.25
2878246,2878205,104526,,"",1,,2.25,0,0.25
2878324,2878312,101967,,"",0,,2,0,0.25
2878332,2878312,104526,,"",1,,2,0,0.25
2878340,2878312,101371,,"",0,,0.25,0,0.25
2878427,2878406,101435,,"",0,,4,0,0
2878435,2878406,103029,,"",1,,0.25,0,0.25
2878443,2878406,103029,,"",1,,0.25,0,0.25
2878489,2878477,103029,,"",1,,0.25,0,0.25
2878497,2878477,103029,,"",1,,0.25,0,0.25
2878531,2878523,103029,,"",0,,0.25,0,0.25
2878539,2878523,100955,,"",1,,0.25,0,0.25
2878565,2878557,103029,,"",1,,0.25,0,0.25
2878573,2878557,101435,,"",0,,0.25,0,0.25
2879142,2879131,110107,,"",1,,0.25,0,0.25
2879150,2879131,101379,,"",0,,2.5,0,2.5
2879158,2879131,101390,,"",0,,2.5,0,2.5
2879166,2879131,106681,,"",1,,2.5,0,2.5
2879268,2879255,102886,,"",0,,0.25,0,0.25
2879276,2879255,101137,,"",1,,1.2506944444444446,0,0.25
2879343,2879334,110107,,"",1,,1,0,1
2879351,2879334,104040,960119,"",0,,4,0,4
2879359,2879334,103370,,"",0,,2.5,0,2.5
2879367,2879334,101690,,"",0,,2,0,2
2879388,2879377,102351,,"",0,,1,0,1
2879396,2879377,103029,,"",1,,2.25,0,2.25
2879404,2879377,101234,,"",0,,2.25,0,2.25
2879412,2879377,101014,,"",0,,2.25,0,2.25
2879502,2879486,102517,,"",1,,0.9166666666666666,0,0.9166666666666666
2879510,2879486,100195,,"",0,,3.6666666666666665,0,3.6666666666666665
2879533,2879520,103029,,"",1,,2.4722222222222223,0,0.25
2879541,2879520,100195,,"",0,,2.4722222222222223,0,0.25
2879598,2879575,100469,,"",0,,5.011909722222223,0,0.25
2879606,2879575,100682,,"",1,,5.011898148148148,0,0.25
2879671,2879640,101962,,"",0,,0.25,0,0.25
2879679,2879640,100265,,"",0,,0.25,0,0.25
2879687,2879640,103029,,"",0,,1.7810416666666666,0,0.7810416666666666
2879695,2879640,104559,,"",1,,1.25,0,0.25
2879703,2879640,104284,,"",0,,1.25,0,0.25
2879732,2879713,104526,,"",1,,2.2497569444444445,0,0.25
2879740,2879713,103029,,"",0,,9.249629629629629,0,0.25
2879780,2879713,100963,,"",0,,1,0,1
2879813,2879790,103029,,"",1,,2.25,0,0.5
2879821,2879790,100265,,"",0,,0.5,0,0.5
2879829,2879790,101799,,"",0,,2.25,0,0.5
2879837,2879790,100343,,"",0,,0.5,0,0.5
2879881,2879863,101110,,"",0,,0.25,0,0.25
2879945,2879931,101749,,"",0,,0.25,0,0.25
2879953,2879931,101040,,"",1,,8.583333333333334,0,0.25
2879961,2879931,103527,,"",0,,0.25,0,0.25
2879969,2879931,101278,,"",1,,3,0,3
2879977,2879931,103154,,"",0,,0.25,0,0.25
2880005,2879995,101967,,"",0,,2.25,0,0.25
2880013,2879995,104526,,"",1,,2.25,0,0.25
2880042,2880023,104526,,"",1,,3.7666666666666666,0,0.3451388888888889
2880068,2880060,101435,,"",0,,2,0,0.25
2880076,2880060,103029,,"",1,,1.75,0,0
2880119,2880094,100469,,"",0,,0.5,0,0.5
2880127,2880094,100469,,"",0,,0.5,0,0.5
2880135,2880094,102146,,"",0,,0.5,0,0.5
2880143,2880094,102955,,"",0,,5.261898148148148,0,0.5
2880151,2880094,100682,,"",1,,4.797673611111111,0,0.03577546296296296
2880159,2880094,104526,,"",0,,0.5,0,0.5
2880302,2880268,101506,,"",0,,4.25,0,0.5
2880310,2880268,103274,,"",0,,1.3333333333333333,0,0.5
2880318,2880268,101677,,"",1,,4.773819444444444,0,0.5
2880326,2880268,104526,,"",0,,2.5833333333333335,0,0.5
2880334,2880268,102567,,"",0,,0.5,0,0.5
2880342,2880268,101122,,"",0,,2.690474537037037,0,0.5
2880350,2880268,106354,,"",0,,0.5,0,0.5
2880358,2880268,102955,,"",0,,3.4166666666666665,0,0.5
2880366,2880268,100963,,"",0,,1,0,1
2880518,2880507,110107,,"",1,,0.25,0,0.25
2880526,2880507,101379,,"",0,,2.5,0,2.5
2880534,2880507,101390,,"",0,,2.5,0,2.5
2880542,2880507,106681,,"",1,,2.5,0,2.5
2880571,2880552,103287,,"",0,,1.8518518518518519,0,0
2880579,2880552,100269,,"",0,,3.3333333333333335,0,0
2880587,2880552,101651,,"",0,,2,0,2
2880595,2880552,102036,,"",0,,4,0,4
2880603,2880552,103315,,"",1,,2,0,2
2880624,2880613,102517,,"",1,,4.746666666666667,0,2.25
2880632,2880613,100195,,"",0,,3.5695833333333336,0,0.2702777777777778
2880737,2880714,103029,,"",1,,4.158333333333333,0,0.5
2880745,2880714,100343,,"",0,,5.270833333333333,0,0.5
2880803,2880795,102379,,"",0,,0.25,0,0.25
2880811,2880795,101705,,"",1,,0.25,0,0.25
2880918,2880893,101962,,"",0,,0.25,0,0.25
2880926,2880893,103029,,"",0,,0.25,0,0.25
2880934,2880893,104526,,"",1,,2.25,0,0.25
2881012,2881000,101967,,"",0,,2,0,0.25
2881020,2881000,104526,,"",1,,2,0,0.25
2881028,2881000,101371,,"",0,,0.25,0,0.25
2881115,2881094,101435,,"",0,,4,0,0
2881123,2881094,103029,,"",1,,0.25,0,0.25
2881131,2881094,103029,,"",1,,0.25,0,0.25
2881177,2881165,103029,,"",1,,0.25,0,0.25
2881185,2881165,103029,,"",1,,0.25,0,0.25
2881219,2881211,103029,,"",0,,0.25,0,0.25
2881227,2881211,100955,,"",1,,0.25,0,0.25
2881253,2881245,103029,,"",1,,0.25,0,0.25
2881261,2881245,101435,,"",0,,0.25,0,0.25
2881356,2881346,102955,,"",0,,1.75,0,0
2881364,2881346,103578,,"",1,,6.754479166666667,0,0
2881395,2881382,101266,,"",1,,6.522789351851852,0,0.25
2881403,2881382,103029,,"",0,,0.25,0,0.25
2881448,2881429,104424,,"",1,,6.916666666666667,0,4.916666666666667
2881456,2881429,102355,,"",0,,1.2496643518518518,0,0
2881464,2881429,108623,,"",1,,0.25,0,0.25
2881511,2881490,100469,,"",0,,0.5,0,0.5
2881519,2881490,104526,,"",0,,0.5,0,0.5
2881527,2881490,102146,,"",0,,0.5,0,0.5
2881535,2881490,100469,,"",0,,0.5,0,0.5
2881801,2881791,103905,,"",1,,5.25,0,4.25
2881809,2881791,101545,,"",0,,1.25,0,0.25
2881817,2881791,101690,,"",1,,1,0,1
2881834,2881827,100694,,"",0,,0.25,0,0.25
2881842,2881827,104146,,"",1,,0.25,0,0.25
2881881,2881868,104146,,"",1,,0.25,0,0.25
2881889,2881868,100694,,"",0,,0.25,0,0.25
2881934,2881899,103029,,"",1,,9.05599537037037,0,0.25
2881942,2881899,101122,,"",0,,0.25,0,0.25
2881963,2881952,101122,,"",0,,0.25,0,0.25
2881971,2881952,104131,,"",1,,0.25,0,0.25
2881997,2881981,103707,,"",1,,0.25,0,0.25
2882005,2881981,104645,,"",1,,0.25,0,0.25
2882044,2882015,101095,,"",0,,0.25,0,0.25
2882052,2882015,100817,,"",0,,0.25,0,0.25
2882137,2882116,104131,,"",0,,0.5,0,0.5
2882145,2882116,101122,,"",0,,0.5,0,0.5
2882153,2882116,104131,,"",1,,2.5,0,0.5
2882161,2882116,101122,,"",0,,2.5,0,0.5
2882331,2882316,102379,,"",1,,1.4180555555555556,0,1.3347222222222221
2882339,2882316,103029,,"",1,,6.0540625,0,2.3332291666666665
2882347,2882316,101122,,"",0,,2,0,2
2882355,2882316,103742,,"",1,,0.2911574074074074,0,0.2911574074074074
2882383,2882373,101122,,"",1,,0.25,0,0.25
2882391,2882373,103029,,"",0,,0.25,0,0.25
2882479,2882465,104360,,"",1,,0.25,0,0.25
2882487,2882465,103281,,"",1,,2.25,0,0.25
2882495,2882465,104441,,"",0,,2.2494444444444444,0,0.25
