"VOYAGE_ID","VESSEL_ID","VESSEL_TYPE_ID","VOYAGE_START_TS","MILES_BALLAST","MILES_LOADED","MILES_TOTAL","SPEED_BALLAST","SPEED_LOADED","DAYS_AT_SEA","DAYS_IN_PORT_TOTAL","DAYS_TOTAL","DAYS_OFFHIRE","HAS_CANAL_PASSAGE","CANAL_COST","CANAL_1_ID","CANAL_2_ID","VOYAGE_STATUS"
1035768,1033547,1033476,31/10/24,336,336,672,12,12,2.9428378300977807,0,5.359504496764448,0,0,0,,,"T"
1436520,1033547,1033476,31/10/24,336.32432343974637,336.3243234397464,672.64864687949277,12,12,2.9428378300977807,0,5.359504496764448,0,0,0,,,"T"
1417879,1033547,1033476,31/10/24,336.32432343974637,336.3243234397464,672.64864687949277,12,12,2.697601344256299,0,5.114268010922966,0,0,0,,,"T"
1408761,1033547,1033476,31/10/24,336.32432343974637,336.3243234397464,672.64864687949277,12,12,2.9428378300977807,0,5.359504496764448,0,0,0,,,"T"
1423468,1033547,1033476,31/10/24,336.32432343974637,336.3243234397464,672.64864687949277,12,12,2.9428378300977807,0,5.359504496764448,0,0,0,,,"T"
1276802,1033479,1033476,19/01/25,317.2495698215147,317.24956982151446,634.49913964302916,12,12,4.406244025298814,0,6.32291069196548,0,0,0,,,"T"
4206915,1033479,1033476,19/01/25,317.2495698215147,317.24956982151446,634.49913964302916,12,12,2.313278113281877,0,4.229944779948545,0,0,0,,,"T"
1039544,1033479,1033476,19/01/25,317,317,634,12,12,2.313278113281877,0,4.229944779948545,0,0,0,,,"T"
1062279,1033479,1033476,25/01/25,317.24956982151537,317.2495698215152,634.49913964303057,12,12,2.313263840938844,0,56.406631896494396,0,0,0,,,"A"
1905525,1033479,1033476,25/01/25,317.24956982151537,317.2495698215152,634.49913964303057,12,12,2.3132709531353415,0,56.40693761980201,0,0,0,,,"P"
2033895,1033479,1033476,25/01/25,317.24956982151537,317.2495698215152,634.49913964303057,12,12,2.313263840938844,0,56.406631896494396,0,0,0,,,"P"
1879338,1033479,1033476,25/01/25,317.24956982151537,317.2495698215152,634.49913964303057,12,12,2.3132709531353415,0,56.40693761980201,0,0,0,,,"P"
3945062,1033479,1033476,25/01/25,317.24956982151537,317.2495698215152,634.49913964303057,12,12,2.313263840938844,0,56.406631896494396,0,0,0,,,"P"
3975943,1033479,1033476,25/01/25,317.24956982151537,317.2495698215152,634.49913964303057,12,12,2.313263840938844,0,56.406631896494396,0,0,0,,,"P"
3982524,1033479,1033476,25/01/25,317.24956982151537,317.2495698215152,634.49913964303057,12,12,2.313263840938844,0,56.406631896494396,0,0,0,,,"P"
1885402,1033479,1033476,25/01/25,317.24956982151537,317.2495698215152,634.49913964303057,12,12,2.3132709531353415,0,56.40693761980201,0,0,0,,,"P"
3945037,1033479,1033476,25/01/25,317.24956982151537,317.2495698215152,634.49913964303057,12,12,2.313263840938844,0,56.406631896494396,0,0,0,,,"P"
3982553,1033479,1033476,25/01/25,317.24956982151537,317.2495698215152,634.49913964303057,12,12,2.313263840938844,0,56.406631896494396,0,0,0,,,"P"
1879779,1033479,1033476,25/01/25,317.24956982151537,317.2495698215152,634.49913964303057,12,12,2.3132709531353415,0,56.40693761980201,0,0,0,,,"P"
3995022,1033479,1033476,25/01/25,317.24956982151537,317.2495698215152,634.49913964303057,12,12,2.313263840938844,0,56.406631896494396,0,0,0,,,"P"
3995051,1033479,1033476,25/01/25,317.24956982151537,317.2495698215152,634.49913964303057,12,12,2.313263840938844,0,56.406631896494396,0,0,0,,,"P"
4025246,1033479,1033476,25/01/25,317.24956982151537,317.2495698215152,634.49913964303057,12,12,2.313263840938844,0,56.406631896494396,0,0,0,,,"P"
3847769,1033479,1033476,25/01/25,317.24956982151537,317.2495698215152,634.49913964303057,12,12,2.313263840938844,0,56.406631896494396,0,0,0,,,"P"
1913577,1033479,1033476,25/01/25,317.24956982151537,317.2495698215152,634.49913964303057,12,12,2.3132709531353415,0,56.40693761980201,0,0,0,,,"P"
1910735,1033479,1033476,25/01/25,317.24956982151537,317.2495698215152,634.49913964303057,12,12,2.3132709531353415,0,56.40693761980201,0,0,0,,,"P"
4001307,1033479,1033476,25/01/25,317.24956982151537,317.2495698215152,634.49913964303057,12,12,2.313263840938844,0,56.406631896494396,0,0,0,,,"P"
1913557,1033479,1033476,25/01/25,317.24956982151537,317.2495698215152,634.49913964303057,12,12,2.3132709531353415,0,56.40693761980201,0,0,0,,,"P"
1973520,1033479,1033476,25/01/25,317.24956982151537,317.2495698215152,634.49913964303057,12,12,2.3132709531353415,0,56.40693761980201,0,0,0,,,"P"
1998475,1033479,1033476,25/01/25,317.24956982151537,317.2495698215152,634.49913964303057,12,12,2.313263840938844,0,56.406631896494396,0,0,0,,,"P"
2035224,1033479,1033476,25/01/25,317.24956982151537,317.2495698215152,634.49913964303057,12,12,2.313263840938844,0,56.406631896494396,0,0,0,,,"P"
3822217,1033479,1033476,25/01/25,317.24956982151537,317.2495698215152,634.49913964303057,12,12,2.313263840938844,0,56.406631896494396,0,0,0,,,"P"
3828642,1033479,1033476,25/01/25,317.24956982151537,317.2495698215152,634.49913964303057,12,12,2.313263840938844,0,56.406631896494396,0,0,0,,,"P"
1973535,1033479,1033476,25/01/25,317.24956982151537,317.2495698215152,634.49913964303057,12,12,2.3132709531353415,0,56.40693761980201,0,0,0,,,"P"
2426482,1033479,1033476,25/01/25,317.24956982151537,317.2495698215152,634.49913964303057,12,12,2.313263840938844,0,56.406631896494396,0,0,0,,,"P"
3988729,1033479,1033476,25/01/25,317.24956982151537,317.2495698215152,634.49913964303057,12,12,2.313263840938844,0,56.406631896494396,0,0,0,,,"P"
3835024,1033479,1033476,25/01/25,317.24956982151537,317.2495698215152,634.49913964303057,12,12,2.313263840938844,0,56.406631896494396,0,0,0,,,"P"
3841382,1033479,1033476,25/01/25,317.24956982151537,317.2495698215152,634.49913964303057,12,12,2.313263840938844,0,56.406631896494396,0,0,0,,,"P"
1978684,1033479,1033476,25/01/25,317.24956982151537,317.2495698215152,634.49913964303057,12,12,2.3132709531353415,0,56.40693761980201,0,0,0,,,"P"
2007395,1033479,1033476,25/01/25,317.24956982151537,317.2495698215152,634.49913964303057,12,12,2.313263840938844,0,56.406631896494396,0,0,0,,,"P"
2038886,1033479,1033476,25/01/25,317.24956982151537,317.2495698215152,634.49913964303057,12,12,2.313263840938844,0,56.406631896494396,0,0,0,,,"P"
4015909,1033479,1033476,25/01/25,317.24956982151537,317.2495698215152,634.49913964303057,12,12,2.313263840938844,0,56.406631896494396,0,0,0,,,"P"
2037201,1033479,1033476,25/01/25,317.24956982151537,317.2495698215152,634.49913964303057,12,12,2.313263840938844,0,56.406631896494396,0,0,0,,,"P"
3828669,1033479,1033476,25/01/25,317.24956982151537,317.2495698215152,634.49913964303057,12,12,2.313263840938844,0,56.406631896494396,0,0,0,,,"P"
1988081,1033479,1033476,25/01/25,317.24956982151537,317.2495698215152,634.49913964303057,12,12,2.3132709531353415,0,56.40693761980201,0,0,0,,,"P"
3988704,1033479,1033476,25/01/25,317.24956982151537,317.2495698215152,634.49913964303057,12,12,2.313263840938844,0,56.406631896494396,0,0,0,,,"P"
1988061,1033479,1033476,25/01/25,317.24956982151537,317.2495698215152,634.49913964303057,12,12,2.3132709531353415,0,56.40693761980201,0,0,0,,,"P"
2007396,1033479,1033476,25/01/25,317.24956982151537,317.2495698215152,634.49913964303057,12,12,2.313263840938844,0,56.406631896494396,0,0,0,,,"P"
2013351,1033479,1033476,25/01/25,317.24956982151537,317.2495698215152,634.49913964303057,12,12,2.313263840938844,0,56.406631896494396,0,0,0,,,"P"
2021838,1033479,1033476,25/01/25,317.24956982151537,317.2495698215152,634.49913964303057,12,12,2.313263840938844,0,56.406631896494396,0,0,0,,,"P"
2036386,1033479,1033476,25/01/25,317.24956982151537,317.2495698215152,634.49913964303057,12,12,2.313263840938844,0,56.406631896494396,0,0,0,,,"P"
2035199,1033479,1033476,25/01/25,317.24956982151537,317.2495698215152,634.49913964303057,12,12,2.313263840938844,0,56.406631896494396,0,0,0,,,"P"
3847794,1033479,1033476,25/01/25,317.24956982151537,317.2495698215152,634.49913964303057,12,12,2.313263840938844,0,56.406631896494396,0,0,0,,,"P"
2701017,1033479,1033476,25/01/25,317.24956982151537,317.2495698215152,634.49913964303057,12,12,2.313263840938844,0,56.406631896494396,0,0,0,,,"P"
3446900,1033479,1033476,25/01/25,317.24956982151537,317.2495698215152,634.49913964303057,12,12,2.313263840938844,0,56.406631896494396,0,0,0,,,"P"
2035739,1033479,1033476,25/01/25,317.24956982151537,317.2495698215152,634.49913964303057,12,12,2.313263840938844,0,56.406631896494396,0,0,0,,,"P"
3861827,1033479,1033476,25/01/25,317.24956982151537,317.2495698215152,634.49913964303057,12,12,2.313263840938844,0,56.406631896494396,0,0,0,,,"P"
2023006,1033479,1033476,25/01/25,317.24956982151537,317.2495698215152,634.49913964303057,12,12,2.313263840938844,0,56.406631896494396,0,0,0,,,"P"
3808252,1033479,1033476,25/01/25,317.24956982151537,317.2495698215152,634.49913964303057,12,12,2.313263840938844,0,56.406631896494396,0,0,0,,,"P"
1740671,1033479,1033476,25/01/25,317.24956982151537,317.2495698215152,634.49913964303057,12,12,2.3132781132818825,0,56.406944779948546,0,0,0,,,"P"
3854124,1033479,1033476,25/01/25,317.24956982151537,317.2495698215152,634.49913964303057,12,12,2.313263840938844,0,56.406631896494396,0,0,0,,,"P"
3874624,1033479,1033476,25/01/25,317.24956982151537,317.2495698215152,634.49913964303057,12,12,2.313263840938844,0,56.406631896494396,0,0,0,,,"P"
3809187,1033479,1033476,25/01/25,317.24956982151537,317.2495698215152,634.49913964303057,12,12,2.313263840938844,0,56.406631896494396,0,0,0,,,"P"
2022414,1033479,1033476,25/01/25,317.24956982151537,317.2495698215152,634.49913964303057,12,12,2.313263840938844,0,56.406631896494396,0,0,0,,,"P"
3906868,1033479,1033476,25/01/25,317.24956982151537,317.2495698215152,634.49913964303057,12,12,2.313263840938844,0,56.406631896494396,0,0,0,,,"P"
1869215,1033479,1033476,25/01/25,317.24956982151537,317.2495698215152,634.49913964303057,12,12,2.3132709531353415,0,56.40693761980201,0,0,0,,,"P"
4043024,1033479,1033476,25/01/25,317.24956982151537,317.2495698215152,634.49913964303057,12,12,2.313263840938844,0,56.406631896494396,0,0,0,,,"P"
2005912,1033479,1033476,25/01/25,317.24956982151537,317.2495698215152,634.49913964303057,12,12,2.313263840938844,0,56.406631896494396,0,0,0,,,"P"
2006427,1033479,1033476,25/01/25,317.24956982151537,317.2495698215152,634.49913964303057,12,12,2.313263840938844,0,56.406631896494396,0,0,0,,,"P"
2006932,1033479,1033476,25/01/25,317.24956982151537,317.2495698215152,634.49913964303057,12,12,2.313263840938844,0,56.406631896494396,0,0,0,,,"P"
2017839,1033479,1033476,25/01/25,317.24956982151537,317.2495698215152,634.49913964303057,12,12,2.313263840938844,0,56.406631896494396,0,0,0,,,"P"
1868770,1033479,1033476,25/01/25,317.24956982151537,317.2495698215152,634.49913964303057,12,12,2.3132709531353415,0,56.40693761980201,0,0,0,,,"P"
1869210,1033479,1033476,25/01/25,317.24956982151537,317.2495698215152,634.49913964303057,12,12,2.3132709531353415,0,56.40693761980201,0,0,0,,,"P"
2006422,1033479,1033476,25/01/25,317.24956982151537,317.2495698215152,634.49913964303057,12,12,2.313263840938844,0,56.406631896494396,0,0,0,,,"P"
2017819,1033479,1033476,25/01/25,317.24956982151537,317.2495698215152,634.49913964303057,12,12,2.313263840938844,0,56.406631896494396,0,0,0,,,"P"
3809162,1033479,1033476,25/01/25,317.24956982151537,317.2495698215152,634.49913964303057,12,12,2.313263840938844,0,56.406631896494396,0,0,0,,,"P"
3906878,1033479,1033476,25/01/25,317.24956982151537,317.2495698215152,634.49913964303057,12,12,2.313263840938844,0,56.406631896494396,0,0,0,,,"P"
2018319,1033479,1033476,25/01/25,317.24956982151537,317.2495698215152,634.49913964303057,12,12,2.313263840938844,0,56.406631896494396,0,0,0,,,"P"
2009522,1033479,1033476,25/01/25,317.24956982151537,317.2495698215152,634.49913964303057,12,12,2.313263840938844,0,56.406631896494396,0,0,0,,,"P"
2018792,1033479,1033476,25/01/25,317.24956982151537,317.2495698215152,634.49913964303057,12,12,2.313263840938844,0,56.406631896494396,0,0,0,,,"P"
2022415,1033479,1033476,25/01/25,317.24956982151537,317.2495698215152,634.49913964303057,12,12,2.313263840938844,0,56.406631896494396,0,0,0,,,"P"
2163174,1033479,1033476,25/01/25,317.24956982151537,317.2495698215152,634.49913964303057,12,12,2.313263840938844,0,56.406631896494396,0,0,0,,,"P"
3808690,1033479,1033476,25/01/25,317.24956982151537,317.2495698215152,634.49913964303057,12,12,2.313263840938844,0,56.406631896494396,0,0,0,,,"P"
3887672,1033479,1033476,25/01/25,317.24956982151537,317.2495698215152,634.49913964303057,12,12,2.313263840938844,0,56.406631896494396,0,0,0,,,"P"
3854118,1033479,1033476,25/01/25,317.24956982151537,317.2495698215152,634.49913964303057,12,12,2.313263840938844,0,56.406631896494396,0,0,0,,,"P"
2029804,1033479,1033476,25/01/25,317.24956982151537,317.2495698215152,634.49913964303057,12,12,2.313263840938844,0,56.406631896494396,0,0,0,,,"P"
3588079,1033479,1033476,25/01/25,317.24956982151537,317.2495698215152,634.49913964303057,12,12,2.313263840938844,0,56.406631896494396,0,0,0,,,"P"
3808227,1033479,1033476,25/01/25,317.24956982151537,317.2495698215152,634.49913964303057,12,12,2.313263840938844,0,56.406631896494396,0,0,0,,,"P"
3894115,1033479,1033476,25/01/25,317.24956982151537,317.2495698215152,634.49913964303057,12,12,2.313263840938844,0,56.406631896494396,0,0,0,,,"P"
3874658,1033479,1033476,25/01/25,317.24956982151537,317.2495698215152,634.49913964303057,12,12,2.313263840938844,0,56.406631896494396,0,0,0,,,"P"
2003464,1033479,1033476,25/01/25,317.24956982151537,317.2495698215152,634.49913964303057,12,12,2.313263840938844,0,56.406631896494396,0,0,0,,,"P"
3588104,1033479,1033476,25/01/25,317.24956982151537,317.2495698215152,634.49913964303057,12,12,2.313263840938844,0,56.406631896494396,0,0,0,,,"P"
1872072,1033479,1033476,25/01/25,317.24956982151537,317.2495698215152,634.49913964303057,12,12,2.3132709531353415,0,56.40693761980201,0,0,0,,,"P"
3913222,1033479,1033476,25/01/25,317.24956982151537,317.2495698215152,634.49913964303057,12,12,2.313263840938844,0,56.406631896494396,0,0,0,,,"P"
2003485,1033479,1033476,25/01/25,317.24956982151537,317.2495698215152,634.49913964303057,12,12,2.313263840938844,0,56.406631896494396,0,0,0,,,"P"
1875059,1033479,1033476,25/01/25,317.24956982151537,317.2495698215152,634.49913964303057,12,12,2.3132709531353415,0,56.40693761980201,0,0,0,,,"P"
3938910,1033479,1033476,25/01/25,317.24956982151537,317.2495698215152,634.49913964303057,12,12,2.313263840938844,0,56.406631896494396,0,0,0,,,"P"
2023537,1033479,1033476,25/01/25,317.24956982151537,317.2495698215152,634.49913964303057,12,12,2.313263840938844,0,56.406631896494396,0,0,0,,,"P"
1875060,1033479,1033476,25/01/25,317.24956982151537,317.2495698215152,634.49913964303057,12,12,2.3132709531353415,0,56.40693761980201,0,0,0,,,"P"
2028365,1033479,1033476,25/01/25,317.24956982151537,317.2495698215152,634.49913964303057,12,12,2.313263840938844,0,56.406631896494396,0,0,0,,,"P"
2032438,1033479,1033476,25/01/25,317.24956982151537,317.2495698215152,634.49913964303057,12,12,2.313263840938844,0,56.406631896494396,0,0,0,,,"P"
1885396,1033479,1033476,25/01/25,317.24956982151537,317.2495698215152,634.49913964303057,12,12,2.3132709531353415,0,56.40693761980201,0,0,0,,,"P"
3900500,1033479,1033476,25/01/25,317.24956982151537,317.2495698215152,634.49913964303057,12,12,2.313263840938844,0,56.406631896494396,0,0,0,,,"P"
3951213,1033479,1033476,25/01/25,317.24956982151537,317.2495698215152,634.49913964303057,12,12,2.313263840938844,0,56.406631896494396,0,0,0,,,"P"
2028873,1033479,1033476,25/01/25,317.24956982151537,317.2495698215152,634.49913964303057,12,12,2.313263840938844,0,56.406631896494396,0,0,0,,,"P"
1897038,1033479,1033476,25/01/25,317.24956982151537,317.2495698215152,634.49913964303057,12,12,2.3132709531353415,0,56.40693761980201,0,0,0,,,"P"
1962943,1033479,1033476,25/01/25,317.24956982151537,317.2495698215152,634.49913964303057,12,12,2.3132709531353415,0,56.40693761980201,0,0,0,,,"P"
2029328,1033479,1033476,25/01/25,317.24956982151537,317.2495698215152,634.49913964303057,12,12,2.313263840938844,0,56.406631896494396,0,0,0,,,"P"
1897043,1033479,1033476,25/01/25,317.24956982151537,317.2495698215152,634.49913964303057,12,12,2.3132709531353415,0,56.40693761980201,0,0,0,,,"P"
1962958,1033479,1033476,25/01/25,317.24956982151537,317.2495698215152,634.49913964303057,12,12,2.3132709531353415,0,56.40693761980201,0,0,0,,,"P"
1972552,1033479,1033476,25/01/25,317.24956982151537,317.2495698215152,634.49913964303057,12,12,2.3132709531353415,0,56.40693761980201,0,0,0,,,"P"
3951214,1033479,1033476,25/01/25,317.24956982151537,317.2495698215152,634.49913964303057,12,12,2.313263840938844,0,56.406631896494396,0,0,0,,,"P"
3963570,1033479,1033476,25/01/25,317.24956982151537,317.2495698215152,634.49913964303057,12,12,2.313263840938844,0,56.406631896494396,0,0,0,,,"P"
1972537,1033479,1033476,25/01/25,317.24956982151537,317.2495698215152,634.49913964303057,12,12,2.3132709531353415,0,56.40693761980201,0,0,0,,,"P"
3810842,1033479,1033476,25/01/25,317.24956982151537,317.2495698215152,634.49913964303057,12,12,2.313263840938844,0,56.406631896494396,0,0,0,,,"P"
4034077,1033479,1033476,25/01/25,317.24956982151537,317.2495698215152,634.49913964303057,12,12,2.313263840938844,0,56.406631896494396,0,0,0,,,"P"
1835261,1033479,1033476,25/01/25,317.24956982151537,317.2495698215152,634.49913964303057,12,12,2.3132709531353415,0,56.40693761980201,0,0,0,,,"P"
4043051,1033479,1033476,25/01/25,317.24956982151537,317.2495698215152,634.49913964303057,12,12,2.313263840938844,0,56.406631896494396,0,0,0,,,"P"
3868267,1033479,1033476,25/01/25,317.24956982151537,317.2495698215152,634.49913964303057,12,12,2.313263840938844,0,56.406631896494396,0,0,0,,,"P"
3887673,1033479,1033476,25/01/25,317.24956982151537,317.2495698215152,634.49913964303057,12,12,2.313263840938844,0,56.406631896494396,0,0,0,,,"P"
4015908,1033479,1033476,25/01/25,317.24956982151537,317.2495698215152,634.49913964303057,12,12,2.313263840938844,0,56.406631896494396,0,0,0,,,"P"
2037176,1033479,1033476,25/01/25,317.24956982151537,317.2495698215152,634.49913964303057,12,12,2.313263840938844,0,56.406631896494396,0,0,0,,,"P"
2163173,1033479,1033476,25/01/25,317.24956982151537,317.2495698215152,634.49913964303057,12,12,2.313263840938844,0,56.406631896494396,0,0,0,,,"P"
3728141,1033479,1033476,25/01/25,317.24956982151537,317.2495698215152,634.49913964303057,12,12,2.313263840938844,0,56.406631896494396,0,0,0,,,"P"
1868329,1033479,1033476,25/01/25,317.24956982151537,317.2495698215152,634.49913964303057,12,12,2.3132709531353415,0,56.40693761980201,0,0,0,,,"P"
3894116,1033479,1033476,25/01/25,317.24956982151537,317.2495698215152,634.49913964303057,12,12,2.313263840938844,0,56.406631896494396,0,0,0,,,"P"
3913223,1033479,1033476,25/01/25,317.24956982151537,317.2495698215152,634.49913964303057,12,12,2.313263840938844,0,56.406631896494396,0,0,0,,,"P"
4007411,1033479,1033476,25/01/25,317.24956982151537,317.2495698215152,634.49913964303057,12,12,2.313263840938844,0,56.406631896494396,0,0,0,,,"P"
4034078,1033479,1033476,25/01/25,317.24956982151537,317.2495698215152,634.49913964303057,12,12,2.313263840938844,0,56.406631896494396,0,0,0,,,"P"
2009502,1033479,1033476,25/01/25,317.24956982151537,317.2495698215152,634.49913964303057,12,12,2.313263840938844,0,56.406631896494396,0,0,0,,,"P"
2015565,1033479,1033476,25/01/25,317.24956982151537,317.2495698215152,634.49913964303057,12,12,2.313263840938844,0,56.406631896494396,0,0,0,,,"P"
2018320,1033479,1033476,25/01/25,317.24956982151537,317.2495698215152,634.49913964303057,12,12,2.313263840938844,0,56.406631896494396,0,0,0,,,"P"
2018793,1033479,1033476,25/01/25,317.24956982151537,317.2495698215152,634.49913964303057,12,12,2.313263840938844,0,56.406631896494396,0,0,0,,,"P"
3728116,1033479,1033476,25/01/25,317.24956982151537,317.2495698215152,634.49913964303057,12,12,2.313263840938844,0,56.406631896494396,0,0,0,,,"P"
2011455,1033479,1033476,25/01/25,317.24956982151537,317.2495698215152,634.49913964303057,12,12,2.313263840938844,0,56.406631896494396,0,0,0,,,"P"
2015585,1033479,1033476,25/01/25,317.24956982151537,317.2495698215152,634.49913964303057,12,12,2.313263840938844,0,56.406631896494396,0,0,0,,,"P"
2023016,1033479,1033476,25/01/25,317.24956982151537,317.2495698215152,634.49913964303057,12,12,2.313263840938844,0,56.406631896494396,0,0,0,,,"P"
3932493,1033479,1033476,25/01/25,317.24956982151537,317.2495698215152,634.49913964303057,12,12,2.313263840938844,0,56.406631896494396,0,0,0,,,"P"
3808715,1033479,1033476,25/01/25,317.24956982151537,317.2495698215152,634.49913964303057,12,12,2.313263840938844,0,56.406631896494396,0,0,0,,,"P"
1840867,1033479,1033476,25/01/25,317.24956982151537,317.2495698215152,634.49913964303057,12,12,2.3132709531353415,0,56.40693761980201,0,0,0,,,"P"
1868323,1033479,1033476,25/01/25,317.24956982151537,317.2495698215152,634.49913964303057,12,12,2.3132709531353415,0,56.40693761980201,0,0,0,,,"P"
1969560,1033479,1033476,25/01/25,317.24956982151537,317.2495698215152,634.49913964303057,12,12,2.3132709531353415,0,56.40693761980201,0,0,0,,,"P"
3258610,1033479,1033476,25/01/25,317.24956982151537,317.2495698215152,634.49913964303057,12,12,2.313263840938844,0,56.406631896494396,0,0,0,,,"P"
1835262,1033479,1033476,25/01/25,317.24956982151537,317.2495698215152,634.49913964303057,12,12,2.3132709531353415,0,56.40693761980201,0,0,0,,,"P"
1868775,1033479,1033476,25/01/25,317.24956982151537,317.2495698215152,634.49913964303057,12,12,2.3132709531353415,0,56.40693761980201,0,0,0,,,"P"
2023547,1033479,1033476,25/01/25,317.24956982151537,317.2495698215152,634.49913964303057,12,12,2.313263840938844,0,56.406631896494396,0,0,0,,,"P"
1840877,1033479,1033476,25/01/25,317.24956982151537,317.2495698215152,634.49913964303057,12,12,2.3132709531353415,0,56.40693761980201,0,0,0,,,"P"
1872087,1033479,1033476,25/01/25,317.24956982151537,317.2495698215152,634.49913964303057,12,12,2.3132709531353415,0,56.40693761980201,0,0,0,,,"P"
2013352,1033479,1033476,25/01/25,317.24956982151537,317.2495698215152,634.49913964303057,12,12,2.313263840938844,0,56.406631896494396,0,0,0,,,"P"
1879784,1033479,1033476,25/01/25,317.24956982151537,317.2495698215152,634.49913964303057,12,12,2.3132709531353415,0,56.40693761980201,0,0,0,,,"P"
2028863,1033479,1033476,25/01/25,317.24956982151537,317.2495698215152,634.49913964303057,12,12,2.313263840938844,0,56.406631896494396,0,0,0,,,"P"
3809890,1033479,1033476,25/01/25,317.24956982151537,317.2495698215152,634.49913964303057,12,12,2.313263840938844,0,56.406631896494396,0,0,0,,,"P"
2029335,1033479,1033476,25/01/25,317.24956982151537,317.2495698215152,634.49913964303057,12,12,2.313263840938844,0,56.406631896494396,0,0,0,,,"P"
2029799,1033479,1033476,25/01/25,317.24956982151537,317.2495698215152,634.49913964303057,12,12,2.313263840938844,0,56.406631896494396,0,0,0,,,"P"
2033870,1033479,1033476,25/01/25,317.24956982151537,317.2495698215152,634.49913964303057,12,12,2.313263840938844,0,56.406631896494396,0,0,0,,,"P"
3810405,1033479,1033476,25/01/25,317.24956982151537,317.2495698215152,634.49913964303057,12,12,2.313263840938844,0,56.406631896494396,0,0,0,,,"P"
2028364,1033479,1033476,25/01/25,317.24956982151537,317.2495698215152,634.49913964303057,12,12,2.313263840938844,0,56.406631896494396,0,0,0,,,"P"
2032439,1033479,1033476,25/01/25,317.24956982151537,317.2495698215152,634.49913964303057,12,12,2.313263840938844,0,56.406631896494396,0,0,0,,,"P"
3809915,1033479,1033476,25/01/25,317.24956982151537,317.2495698215152,634.49913964303057,12,12,2.313263840938844,0,56.406631896494396,0,0,0,,,"P"
3810380,1033479,1033476,25/01/25,317.24956982151537,317.2495698215152,634.49913964303057,12,12,2.313263840938844,0,56.406631896494396,0,0,0,,,"P"
3926070,1033479,1033476,25/01/25,317.24956982151537,317.2495698215152,634.49913964303057,12,12,2.313263840938844,0,56.406631896494396,0,0,0,,,"P"
3957343,1033479,1033476,25/01/25,317.24956982151537,317.2495698215152,634.49913964303057,12,12,2.313263840938844,0,56.406631896494396,0,0,0,,,"P"
1905524,1033479,1033476,25/01/25,317.24956982151537,317.2495698215152,634.49913964303057,12,12,2.3132709531353415,0,56.40693761980201,0,0,0,,,"P"
2037748,1033479,1033476,25/01/25,317.24956982151537,317.2495698215152,634.49913964303057,12,12,2.313263840938844,0,56.406631896494396,0,0,0,,,"P"
3810843,1033479,1033476,25/01/25,317.24956982151537,317.2495698215152,634.49913964303057,12,12,2.313263840938844,0,56.406631896494396,0,0,0,,,"P"
1879333,1033479,1033476,25/01/25,317.24956982151537,317.2495698215152,634.49913964303057,12,12,2.3132709531353415,0,56.40693761980201,0,0,0,,,"P"
1942884,1033479,1033476,25/01/25,317.24956982151537,317.2495698215152,634.49913964303057,12,12,2.3132709531353415,0,56.40693761980201,0,0,0,,,"P"
2037723,1033479,1033476,25/01/25,317.24956982151537,317.2495698215152,634.49913964303057,12,12,2.313263840938844,0,56.406631896494396,0,0,0,,,"P"
1942869,1033479,1033476,25/01/25,317.24956982151537,317.2495698215152,634.49913964303057,12,12,2.3132709531353415,0,56.40693761980201,0,0,0,,,"P"
1885858,1033479,1033476,25/01/25,317.24956982151537,317.2495698215152,634.49913964303057,12,12,2.3132709531353415,0,56.40693761980201,0,0,0,,,"P"
3815850,1033479,1033476,25/01/25,317.24956982151537,317.2495698215152,634.49913964303057,12,12,2.313263840938844,0,56.406631896494396,0,0,0,,,"P"
1885853,1033479,1033476,25/01/25,317.24956982151537,317.2495698215152,634.49913964303057,12,12,2.3132709531353415,0,56.40693761980201,0,0,0,,,"P"
1976084,1033479,1033476,25/01/25,317.24956982151537,317.2495698215152,634.49913964303057,12,12,2.3132709531353415,0,56.40693761980201,0,0,0,,,"P"
2034633,1033479,1033476,25/01/25,317.24956982151537,317.2495698215152,634.49913964303057,12,12,2.313263840938844,0,56.406631896494396,0,0,0,,,"P"
3258420,1033479,1033476,25/01/25,317.24956982151537,317.2495698215152,634.49913964303057,12,12,2.313263840938844,0,56.406631896494396,0,0,0,,,"P"
1886277,1033479,1033476,25/01/25,317.24956982151537,317.2495698215152,634.49913964303057,12,12,2.3132709531353415,0,56.40693761980201,0,0,0,,,"P"
1969545,1033479,1033476,25/01/25,317.24956982151537,317.2495698215152,634.49913964303057,12,12,2.3132709531353415,0,56.40693761980201,0,0,0,,,"P"
3900473,1033479,1033476,25/01/25,317.24956982151537,317.2495698215152,634.49913964303057,12,12,2.313263840938844,0,56.406631896494396,0,0,0,,,"P"
3919663,1033479,1033476,25/01/25,317.24956982151537,317.2495698215152,634.49913964303057,12,12,2.313263840938844,0,56.406631896494396,0,0,0,,,"P"
1886282,1033479,1033476,25/01/25,317.24956982151537,317.2495698215152,634.49913964303057,12,12,2.3132709531353415,0,56.40693761980201,0,0,0,,,"P"
3815819,1033479,1033476,25/01/25,317.24956982151537,317.2495698215152,634.49913964303057,12,12,2.313263840938844,0,56.406631896494396,0,0,0,,,"P"
3841383,1033479,1033476,25/01/25,317.24956982151537,317.2495698215152,634.49913964303057,12,12,2.313263840938844,0,56.406631896494396,0,0,0,,,"P"
3963595,1033479,1033476,25/01/25,317.24956982151537,317.2495698215152,634.49913964303057,12,12,2.313263840938844,0,56.406631896494396,0,0,0,,,"P"
1922873,1033479,1033476,25/01/25,317.24956982151537,317.2495698215152,634.49913964303057,12,12,2.3132709531353415,0,56.40693761980201,0,0,0,,,"P"
3822190,1033479,1033476,25/01/25,317.24956982151537,317.2495698215152,634.49913964303057,12,12,2.313263840938844,0,56.406631896494396,0,0,0,,,"P"
3919693,1033479,1033476,25/01/25,317.24956982151537,317.2495698215152,634.49913964303057,12,12,2.313263840938844,0,56.406631896494396,0,0,0,,,"P"
1922874,1033479,1033476,25/01/25,317.24956982151537,317.2495698215152,634.49913964303057,12,12,2.3132709531353415,0,56.40693761980201,0,0,0,,,"P"
3969773,1033479,1033476,25/01/25,317.24956982151537,317.2495698215152,634.49913964303057,12,12,2.313263840938844,0,56.406631896494396,0,0,0,,,"P"
3969774,1033479,1033476,25/01/25,317.24956982151537,317.2495698215152,634.49913964303057,12,12,2.313263840938844,0,56.406631896494396,0,0,0,,,"P"
1976104,1033479,1033476,25/01/25,317.24956982151537,317.2495698215152,634.49913964303057,12,12,2.3132709531353415,0,56.40693761980201,0,0,0,,,"P"
2034658,1033479,1033476,25/01/25,317.24956982151537,317.2495698215152,634.49913964303057,12,12,2.313263840938844,0,56.406631896494396,0,0,0,,,"P"
2036385,1033479,1033476,25/01/25,317.24956982151537,317.2495698215152,634.49913964303057,12,12,2.313263840938844,0,56.406631896494396,0,0,0,,,"P"
3938909,1033479,1033476,25/01/25,317.24956982151537,317.2495698215152,634.49913964303057,12,12,2.313263840938844,0,56.406631896494396,0,0,0,,,"P"
3861858,1033479,1033476,25/01/25,317.24956982151537,317.2495698215152,634.49913964303057,12,12,2.313263840938844,0,56.406631896494396,0,0,0,,,"P"
4007438,1033479,1033476,25/01/25,317.24956982151537,317.2495698215152,634.49913964303057,12,12,2.313263840938844,0,56.406631896494396,0,0,0,,,"P"
4025243,1033479,1033476,25/01/25,317.24956982151537,317.2495698215152,634.49913964303057,12,12,2.313263840938844,0,56.406631896494396,0,0,0,,,"P"
2426457,1033479,1033476,25/01/25,317.24956982151537,317.2495698215152,634.49913964303057,12,12,2.313263840938844,0,56.406631896494396,0,0,0,,,"P"
3834999,1033479,1033476,25/01/25,317.24956982151537,317.2495698215152,634.49913964303057,12,12,2.313263840938844,0,56.406631896494396,0,0,0,,,"P"
3957369,1033479,1033476,25/01/25,317.24956982151537,317.2495698215152,634.49913964303057,12,12,2.313263840938844,0,56.406631896494396,0,0,0,,,"P"
1979170,1033479,1033476,25/01/25,317.24956982151537,317.2495698215152,634.49913964303057,12,12,2.3132709531353415,0,56.40693761980201,0,0,0,,,"P"
2035764,1033479,1033476,25/01/25,317.24956982151537,317.2495698215152,634.49913964303057,12,12,2.313263840938844,0,56.406631896494396,0,0,0,,,"P"
3932467,1033479,1033476,25/01/25,317.24956982151537,317.2495698215152,634.49913964303057,12,12,2.313263840938844,0,56.406631896494396,0,0,0,,,"P"
1910750,1033479,1033476,25/01/25,317.24956982151537,317.2495698215152,634.49913964303057,12,12,2.3132709531353415,0,56.40693761980201,0,0,0,,,"P"
1978182,1033479,1033476,25/01/25,317.24956982151537,317.2495698215152,634.49913964303057,12,12,2.3132709531353415,0,56.40693761980201,0,0,0,,,"P"
1979155,1033479,1033476,25/01/25,317.24956982151537,317.2495698215152,634.49913964303057,12,12,2.3132709531353415,0,56.40693761980201,0,0,0,,,"P"
2021828,1033479,1033476,25/01/25,317.24956982151537,317.2495698215152,634.49913964303057,12,12,2.313263840938844,0,56.406631896494396,0,0,0,,,"P"
3926043,1033479,1033476,25/01/25,317.24956982151537,317.2495698215152,634.49913964303057,12,12,2.313263840938844,0,56.406631896494396,0,0,0,,,"P"
1978196,1033479,1033476,25/01/25,317.24956982151537,317.2495698215152,634.49913964303057,12,12,2.3132709531353415,0,56.40693761980201,0,0,0,,,"P"
1978699,1033479,1033476,25/01/25,317.24956982151537,317.2495698215152,634.49913964303057,12,12,2.3132709531353415,0,56.40693761980201,0,0,0,,,"P"
2038887,1033479,1033476,25/01/25,317.24956982151537,317.2495698215152,634.49913964303057,12,12,2.313263840938844,0,56.406631896494396,0,0,0,,,"P"
3975918,1033479,1033476,25/01/25,317.24956982151537,317.2495698215152,634.49913964303057,12,12,2.313263840938844,0,56.406631896494396,0,0,0,,,"P"
4001282,1033479,1033476,25/01/25,317.24956982151537,317.2495698215152,634.49913964303057,12,12,2.313263840938844,0,56.406631896494396,0,0,0,,,"P"
2011456,1033479,1033476,25/01/25,317.24956982151537,317.2495698215152,634.49913964303057,12,12,2.313263840938844,0,56.406631896494396,0,0,0,,,"P"
2978936,1033479,1033476,25/01/25,317.24956982151537,317.2495698215152,634.49913964303057,12,12,2.313263840938844,0,56.406631896494396,0,0,0,,,"P"
2978961,1033479,1033476,25/01/25,317.24956982151537,317.2495698215152,634.49913964303057,12,12,2.313263840938844,0,56.406631896494396,0,0,0,,,"P"
2005891,1033479,1033476,25/01/25,317.24956982151537,317.2495698215152,634.49913964303057,12,12,2.313263840938844,0,56.406631896494396,0,0,0,,,"P"
2006912,1033479,1033476,25/01/25,317.24956982151537,317.2495698215152,634.49913964303057,12,12,2.313263840938844,0,56.406631896494396,0,0,0,,,"P"
2701042,1033479,1033476,25/01/25,317.24956982151537,317.2495698215152,634.49913964303057,12,12,2.313263840938844,0,56.406631896494396,0,0,0,,,"P"
1998495,1033479,1033476,25/01/25,317.24956982151537,317.2495698215152,634.49913964303057,12,12,2.313263840938844,0,56.406631896494396,0,0,0,,,"P"
3446899,1033479,1033476,25/01/25,317.24956982151537,317.2495698215152,634.49913964303057,12,12,2.313263840938844,0,56.406631896494396,0,0,0,,,"P"
3868296,1033479,1033476,25/01/25,317.24956982151537,317.2495698215152,634.49913964303057,12,12,2.313263840938844,0,56.406631896494396,0,0,0,,,"P"
1719947,1033547,1033476,07/04/25,16.3777994047722,16.377799404772198,32.755598809544398,12,12,0.11942145399313062,0,1.1194214539931306,0,0,0,,,"P"
1714004,1033547,1033476,07/04/25,317.24956982151537,16.377799404772198,333.627369226287568,12,12,1.1566390566409415,0,15.570146001085385,0,0,0,,,"A"
1835267,1033547,1033476,07/04/25,16.3777994047722,16.377799404772198,32.755598809544398,12,12,0.6194213751447135,0,18.129849615885455,0,0,0,,,"P"
1840872,1033547,1033476,07/04/25,16.3777994047722,16.377799404772198,32.755598809544398,12,12,0.059710726996565315,0,15.570138967737305,0,0,0,,,"P"
1875069,1033547,1033476,07/04/25,317.24956982151537,16.377799404772198,333.627369226287568,12,12,1.1566390566409415,0,15.570146001085385,0,0,0,,,"P"
1840882,1033547,1033476,07/04/25,16.3777994047722,16.377799404772198,32.755598809544398,12,12,0.059710726996565315,0,15.570138967737305,0,0,0,,,"P"
1872077,1033547,1033476,07/04/25,317.24956982151537,16.377799404772198,333.627369226287568,12,12,1.1566390566409415,0,15.570138894603904,0,0,0,,,"P"
1875079,1033547,1033476,07/04/25,317.24956982151537,16.377799404772198,333.627369226287568,12,12,1.1566390566409415,0,15.570146001085385,0,0,0,,,"P"
1835272,1033547,1033476,07/04/25,16.3777994047722,16.377799404772198,32.755598809544398,12,12,0.6194213751447135,0,18.129849615885455,0,0,0,,,"P"
3938918,1033547,1033476,23/04/25,317.24956982151537,317.2495698215152,634.49913964303057,12,12,2.3132781132818825,0,3.263278113281882,0,0,0,,,"P"
2035769,1033547,1033476,23/04/25,317.24956982151537,317.2495698215152,634.49913964303057,12,12,2.3132781132818825,0,3.3132781132818825,0,0,0,,,"P"
3932476,1033547,1033476,23/04/25,317.24956982151537,317.2495698215152,634.49913964303057,12,12,2.3132781132818825,0,3.263278113281882,0,0,0,,,"P"
1297142,1033547,1033476,23/04/25,317.24956982151537,330.78393433779183,648.0335041593072,12,12,2.317619823903078,0,3.817619823903078,0,0,0,,,"T"
3926048,1033547,1033476,23/04/25,317.24956982151537,317.2495698215152,634.49913964303057,12,12,2.3132781132818825,0,3.263278113281882,0,0,0,,,"P"
2038911,1033547,1033476,23/04/25,317.24956982151537,317.2495698215152,634.49913964303057,12,12,2.3132781132818825,0,3.3132781132818825,0,0,0,,,"P"
3957374,1033547,1033476,23/04/25,317.24956982151537,317.2495698215152,634.49913964303057,12,12,2.3132781132818825,0,3.263278113281882,0,0,0,,,"P"
3975923,1033547,1033476,23/04/25,317.24956982151537,317.2495698215152,634.49913964303057,12,12,2.3132781132818825,0,3.263278113281882,0,0,0,,,"P"
4001287,1033547,1033476,23/04/25,317.24956982151537,317.2495698215152,634.49913964303057,12,12,2.3132781132818825,0,3.263278113281882,0,0,0,,,"P"
2978941,1033547,1033476,23/04/25,317.24956982151537,317.2495698215152,634.49913964303057,12,12,2.3132781132818825,0,3.3132781132818825,0,0,0,,,"P"
2978966,1033547,1033476,23/04/25,317.24956982151537,317.2495698215152,634.49913964303057,12,12,2.3132781132818825,0,3.3132781132818825,0,0,0,,,"P"
2701047,1033547,1033476,23/04/25,317.24956982151537,317.2495698215152,634.49913964303057,12,12,2.3132781132818825,0,3.3132781132818825,0,0,0,,,"P"
3446910,1033547,1033476,23/04/25,317.24956982151537,317.2495698215152,634.49913964303057,12,12,2.3132781132818825,0,3.3132781132818825,0,0,0,,,"P"
3951223,1033547,1033476,23/04/25,317.24956982151537,317.2495698215152,634.49913964303057,12,12,2.3132781132818825,0,3.263278113281882,0,0,0,,,"P"
3951224,1033547,1033476,23/04/25,317.24956982151537,317.2495698215152,634.49913964303057,12,12,2.3132781132818825,0,3.263278113281882,0,0,0,,,"P"
3963575,1033547,1033476,23/04/25,317.24956982151537,317.2495698215152,634.49913964303057,12,12,2.3132781132818825,0,3.263278113281882,0,0,0,,,"P"
3810848,1033547,1033476,23/04/25,317.24956982151537,317.2495698215152,634.49913964303057,12,12,2.3132781132818825,0,3.263278113281882,0,0,0,,,"P"
3868301,1033547,1033476,23/04/25,317.24956982151537,317.2495698215152,634.49913964303057,12,12,2.3132781132818825,0,3.263278113281882,0,0,0,,,"P"
4034092,1033547,1033476,23/04/25,317.24956982151537,317.2495698215152,634.49913964303057,12,12,2.3132781132818825,0,3.263278113281882,0,0,0,,,"P"
4179148,1033547,1033476,23/04/25,317.24956982151537,317.2495698215152,634.49913964303057,12,12,2.3132781132818825,0,3.263278113281882,0,0,0,,,"A"
4043056,1033547,1033476,23/04/25,317.24956982151537,317.2495698215152,634.49913964303057,12,12,2.3132781132818825,0,3.263278113281882,0,0,0,,,"P"
3868272,1033547,1033476,23/04/25,317.24956982151537,317.2495698215152,634.49913964303057,12,12,2.3132781132818825,0,3.263278113281882,0,0,0,,,"P"
3887683,1033547,1033476,23/04/25,317.24956982151537,317.2495698215152,634.49913964303057,12,12,2.3132781132818825,0,3.263278113281882,0,0,0,,,"P"
4015919,1033547,1033476,23/04/25,317.24956982151537,317.2495698215152,634.49913964303057,12,12,2.3132781132818825,0,3.263278113281882,0,0,0,,,"P"
2037181,1033547,1033476,23/04/25,317.24956982151537,317.2495698215152,634.49913964303057,12,12,2.3132781132818825,0,3.3132781132818825,0,0,0,,,"P"
2163184,1033547,1033476,23/04/25,317.24956982151537,317.2495698215152,634.49913964303057,12,12,2.3132781132818825,0,3.3132781132818825,0,0,0,,,"P"
3728146,1033547,1033476,23/04/25,317.24956982151537,317.2495698215152,634.49913964303057,12,12,2.3132781132818825,0,3.3132781132818825,0,0,0,,,"P"
3894121,1033547,1033476,23/04/25,317.24956982151537,317.2495698215152,634.49913964303057,12,12,2.3132781132818825,0,3.263278113281882,0,0,0,,,"P"
3913233,1033547,1033476,23/04/25,317.24956982151537,317.2495698215152,634.49913964303057,12,12,2.3132781132818825,0,3.263278113281882,0,0,0,,,"P"
4007416,1033547,1033476,23/04/25,317.24956982151537,317.2495698215152,634.49913964303057,12,12,2.3132781132818825,0,3.263278113281882,0,0,0,,,"P"
4034086,1033547,1033476,23/04/25,317.24956982151537,317.2495698215152,634.49913964303057,12,12,2.3132781132818825,0,3.263278113281882,0,0,0,,,"P"
4179729,1033547,1033476,23/04/25,317.24956982151537,317.2495698215152,634.49913964303057,12,12,2.3132781132818825,0,3.263278113281882,0,0,0,,,"P"
4180951,1033547,1033476,23/04/25,317.24956982151537,317.2495698215152,634.49913964303057,12,12,2.3132781132818825,0,3.263278113281882,0,0,0,,,"P"
3728121,1033547,1033476,23/04/25,317.24956982151537,317.2495698215152,634.49913964303057,12,12,2.3132781132818825,0,3.3132781132818825,0,0,0,,,"P"
3932498,1033547,1033476,23/04/25,317.24956982151537,317.2495698215152,634.49913964303057,12,12,2.3132781132818825,0,3.263278113281882,0,0,0,,,"P"
3808720,1033547,1033476,23/04/25,317.24956982151537,317.2495698215152,634.49913964303057,12,12,2.3132781132818825,0,3.3132781132818825,0,0,0,,,"P"
3258615,1033547,1033476,23/04/25,317.24956982151537,317.2495698215152,634.49913964303057,12,12,2.3132781132818825,0,3.3132781132818825,0,0,0,,,"P"
3809895,1033547,1033476,23/04/25,317.24956982151537,317.2495698215152,634.49913964303057,12,12,2.3132781132818825,0,3.263278113281882,0,0,0,,,"P"
2032887,1033547,1033476,23/04/25,317.24956982151537,317.2495698215152,634.49913964303057,12,12,2.3132781132818825,0,3.3132781132818825,0,0,0,,,"P"
2033875,1033547,1033476,23/04/25,317.24956982151537,317.2495698215152,634.49913964303057,12,12,2.3132781132818825,0,3.3132781132818825,0,0,0,,,"P"
3810410,1033547,1033476,23/04/25,317.24956982151537,317.2495698215152,634.49913964303057,12,12,2.3132781132818825,0,3.263278113281882,0,0,0,,,"P"
3809920,1033547,1033476,23/04/25,317.24956982151537,317.2495698215152,634.49913964303057,12,12,2.3132781132818825,0,3.263278113281882,0,0,0,,,"P"
3926075,1033547,1033476,23/04/25,317.24956982151537,317.2495698215152,634.49913964303057,12,12,2.3132781132818825,0,3.263278113281882,0,0,0,,,"P"
3957348,1033547,1033476,23/04/25,317.24956982151537,317.2495698215152,634.49913964303057,12,12,2.3132781132818825,0,3.263278113281882,0,0,0,,,"P"
2037753,1033547,1033476,23/04/25,317.24956982151537,317.2495698215152,634.49913964303057,12,12,2.3132781132818825,0,3.3132781132818825,0,0,0,,,"P"
3810385,1033547,1033476,23/04/25,317.24956982151537,317.2495698215152,634.49913964303057,12,12,2.3132781132818825,0,3.263278113281882,0,0,0,,,"P"
2037728,1033547,1033476,23/04/25,317.24956982151537,317.2495698215152,634.49913964303057,12,12,2.3132781132818825,0,3.3132781132818825,0,0,0,,,"P"
3810857,1033547,1033476,23/04/25,317.24956982151537,317.2495698215152,634.49913964303057,12,12,2.3132781132818825,0,3.263278113281882,0,0,0,,,"P"
3815855,1033547,1033476,23/04/25,317.24956982151537,317.2495698215152,634.49913964303057,12,12,2.3132781132818825,0,3.263278113281882,0,0,0,,,"P"
2034638,1033547,1033476,23/04/25,317.24956982151537,317.2495698215152,634.49913964303057,12,12,2.3132781132818825,0,3.3132781132818825,0,0,0,,,"P"
3258425,1033547,1033476,23/04/25,317.24956982151537,317.2495698215152,634.49913964303057,12,12,2.3132781132818825,0,3.3132781132818825,0,0,0,,,"P"
3900478,1033547,1033476,23/04/25,317.24956982151537,317.2495698215152,634.49913964303057,12,12,2.3132781132818825,0,3.263278113281882,0,0,0,,,"P"
3919668,1033547,1033476,23/04/25,317.24956982151537,317.2495698215152,634.49913964303057,12,12,2.3132781132818825,0,3.263278113281882,0,0,0,,,"P"
3815824,1033547,1033476,23/04/25,317.24956982151537,317.2495698215152,634.49913964303057,12,12,2.3132781132818825,0,3.263278113281882,0,0,0,,,"P"
3841397,1033547,1033476,23/04/25,317.24956982151537,317.2495698215152,634.49913964303057,12,12,2.3132781132818825,0,3.263278113281882,0,0,0,,,"P"
3963600,1033547,1033476,23/04/25,317.24956982151537,317.2495698215152,634.49913964303057,12,12,2.3132781132818825,0,3.263278113281882,0,0,0,,,"P"
3822195,1033547,1033476,23/04/25,317.24956982151537,317.2495698215152,634.49913964303057,12,12,2.3132781132818825,0,3.263278113281882,0,0,0,,,"P"
3919698,1033547,1033476,23/04/25,317.24956982151537,317.2495698215152,634.49913964303057,12,12,2.3132781132818825,0,3.263278113281882,0,0,0,,,"P"
3969784,1033547,1033476,23/04/25,317.24956982151537,317.2495698215152,634.49913964303057,12,12,2.3132781132818825,0,3.263278113281882,0,0,0,,,"P"
3969783,1033547,1033476,23/04/25,317.24956982151537,317.2495698215152,634.49913964303057,12,12,2.3132781132818825,0,3.263278113281882,0,0,0,,,"P"
2034663,1033547,1033476,23/04/25,317.24956982151537,317.2495698215152,634.49913964303057,12,12,2.3132781132818825,0,3.3132781132818825,0,0,0,,,"P"
2036396,1033547,1033476,23/04/25,317.24956982151537,317.2495698215152,634.49913964303057,12,12,2.3132781132818825,0,3.3132781132818825,0,0,0,,,"P"
3861863,1033547,1033476,23/04/25,317.24956982151537,317.2495698215152,634.49913964303057,12,12,2.3132781132818825,0,3.263278113281882,0,0,0,,,"P"
4007443,1033547,1033476,23/04/25,317.24956982151537,317.2495698215152,634.49913964303057,12,12,2.3132781132818825,0,3.263278113281882,0,0,0,,,"P"
4025268,1033547,1033476,23/04/25,317.24956982151537,317.2495698215152,634.49913964303057,12,12,2.3132781132818825,0,3.263278113281882,0,0,0,,,"P"
2426462,1033547,1033476,23/04/25,317.24956982151537,317.2495698215152,634.49913964303057,12,12,2.3132781132818825,0,3.3132781132818825,0,0,0,,,"P"
3835004,1033547,1033476,23/04/25,317.24956982151537,317.2495698215152,634.49913964303057,12,12,2.3132781132818825,0,3.263278113281882,0,0,0,,,"P"
2033900,1033547,1033476,23/04/25,317.24956982151537,317.2495698215152,634.49913964303057,12,12,2.3132781132818825,0,3.3132781132818825,0,0,0,,,"P"
3945067,1033547,1033476,23/04/25,317.24956982151537,317.2495698215152,634.49913964303057,12,12,2.3132781132818825,0,3.263278113281882,0,0,0,,,"P"
3975948,1033547,1033476,23/04/25,317.24956982151537,317.2495698215152,634.49913964303057,12,12,2.3132781132818825,0,3.263278113281882,0,0,0,,,"P"
1839421,1033547,1033476,23/04/25,634.4991396430305,0,634.4991396430305,12,12,55.29167438985033,0,57.79167438985033,0,0,0,,,"T"
2025475,1033547,1033476,23/04/25,317.24956982151537,317.2495698215152,634.49913964303057,12,12,2.3132781132818825,0,3.3132781132818825,0,0,0,,,"T"
2025910,1033547,1033476,23/04/25,317.24956982151537,317.2495698215152,634.49913964303057,12,12,2.3132781132818825,0,3.3132781132818825,0,0,0,,,"T"
2026460,1033547,1033476,23/04/25,317.24956982151537,317.2495698215152,634.49913964303057,12,12,2.3132781132818825,0,3.3132781132818825,0,0,0,,,"T"
2027003,1033547,1033476,23/04/25,317.24956982151537,317.2495698215152,634.49913964303057,12,12,2.3132781132818825,0,3.3132781132818825,0,0,0,,,"T"
3945042,1033547,1033476,23/04/25,317.24956982151537,317.2495698215152,634.49913964303057,12,12,2.3132781132818825,0,3.263278113281882,0,0,0,,,"P"
3982558,1033547,1033476,23/04/25,317.24956982151537,317.2495698215152,634.49913964303057,12,12,2.3132781132818825,0,3.263278113281882,0,0,0,,,"P"
3982529,1033547,1033476,23/04/25,317.24956982151537,317.2495698215152,634.49913964303057,12,12,2.3132781132818825,0,3.263278113281882,0,0,0,,,"P"
3995027,1033547,1033476,23/04/25,317.24956982151537,317.2495698215152,634.49913964303057,12,12,2.3132781132818825,0,3.263278113281882,0,0,0,,,"P"
3995056,1033547,1033476,23/04/25,317.24956982151537,317.2495698215152,634.49913964303057,12,12,2.3132781132818825,0,3.263278113281882,0,0,0,,,"P"
3847774,1033547,1033476,23/04/25,317.24956982151537,317.2495698215152,634.49913964303057,12,12,2.3132781132818825,0,3.263278113281882,0,0,0,,,"P"
4001312,1033547,1033476,23/04/25,317.24956982151537,317.2495698215152,634.49913964303057,12,12,2.3132781132818825,0,3.263278113281882,0,0,0,,,"P"
4025251,1033547,1033476,23/04/25,317.24956982151537,317.2495698215152,634.49913964303057,12,12,2.3132781132818825,0,3.263278113281882,0,0,0,,,"P"
2035229,1033547,1033476,23/04/25,317.24956982151537,317.2495698215152,634.49913964303057,12,12,2.3132781132818825,0,3.3132781132818825,0,0,0,,,"P"
3822222,1033547,1033476,23/04/25,317.24956982151537,317.2495698215152,634.49913964303057,12,12,2.3132781132818825,0,3.263278113281882,0,0,0,,,"P"
3828647,1033547,1033476,23/04/25,317.24956982151537,317.2495698215152,634.49913964303057,12,12,2.3132781132818825,0,3.263278113281882,0,0,0,,,"P"
2426487,1033547,1033476,23/04/25,317.24956982151537,317.2495698215152,634.49913964303057,12,12,2.3132781132818825,0,3.3132781132818825,0,0,0,,,"P"
3988734,1033547,1033476,23/04/25,317.24956982151537,317.2495698215152,634.49913964303057,12,12,2.3132781132818825,0,3.263278113281882,0,0,0,,,"P"
3835029,1033547,1033476,23/04/25,317.24956982151537,317.2495698215152,634.49913964303057,12,12,2.3132781132818825,0,3.263278113281882,0,0,0,,,"P"
3841388,1033547,1033476,23/04/25,317.24956982151537,317.2495698215152,634.49913964303057,12,12,2.3132781132818825,0,3.263278113281882,0,0,0,,,"P"
2038892,1033547,1033476,23/04/25,317.24956982151537,317.2495698215152,634.49913964303057,12,12,2.3132781132818825,0,3.3132781132818825,0,0,0,,,"P"
4015918,1033547,1033476,23/04/25,317.24956982151537,317.2495698215152,634.49913964303057,12,12,2.3132781132818825,0,3.263278113281882,0,0,0,,,"P"
2037206,1033547,1033476,23/04/25,317.24956982151537,317.2495698215152,634.49913964303057,12,12,2.3132781132818825,0,3.3132781132818825,0,0,0,,,"P"
3828674,1033547,1033476,23/04/25,317.24956982151537,317.2495698215152,634.49913964303057,12,12,2.3132781132818825,0,3.263278113281882,0,0,0,,,"P"
3988709,1033547,1033476,23/04/25,317.24956982151537,317.2495698215152,634.49913964303057,12,12,2.3132781132818825,0,3.263278113281882,0,0,0,,,"P"
2035204,1033547,1033476,23/04/25,317.24956982151537,317.2495698215152,634.49913964303057,12,12,2.3132781132818825,0,3.3132781132818825,0,0,0,,,"P"
2036392,1033547,1033476,23/04/25,317.24956982151537,317.2495698215152,634.49913964303057,12,12,2.3132781132818825,0,3.3132781132818825,0,0,0,,,"P"
3847799,1033547,1033476,23/04/25,317.24956982151537,317.2495698215152,634.49913964303057,12,12,2.3132781132818825,0,3.263278113281882,0,0,0,,,"P"
2024384,1033547,1033476,23/04/25,317.24956982151537,317.2495698215152,634.49913964303057,12,12,2.3132781132818825,0,3.3132781132818825,0,0,0,,,"T"
3446909,1033547,1033476,23/04/25,317.24956982151537,317.2495698215152,634.49913964303057,12,12,2.3132781132818825,0,3.3132781132818825,0,0,0,,,"P"
2701022,1033547,1033476,23/04/25,317.24956982151537,317.2495698215152,634.49913964303057,12,12,2.3132781132818825,0,3.3132781132818825,0,0,0,,,"P"
2035744,1033547,1033476,23/04/25,317.24956982151537,317.2495698215152,634.49913964303057,12,12,2.3132781132818825,0,3.3132781132818825,0,0,0,,,"P"
3861832,1033547,1033476,23/04/25,317.24956982151537,317.2495698215152,634.49913964303057,12,12,2.3132781132818825,0,3.263278113281882,0,0,0,,,"P"
3808257,1033547,1033476,23/04/25,317.24956982151537,317.2495698215152,634.49913964303057,12,12,2.3132781132818825,0,3.3132781132818825,0,0,0,,,"P"
3854129,1033547,1033476,23/04/25,317.24956982151537,317.2495698215152,634.49913964303057,12,12,2.3132781132818825,0,3.263278113281882,0,0,0,,,"P"
3874630,1033547,1033476,23/04/25,317.24956982151537,317.2495698215152,634.49913964303057,12,12,2.3132781132818825,0,3.263278113281882,0,0,0,,,"P"
3809192,1033547,1033476,23/04/25,317.24956982151537,317.2495698215152,634.49913964303057,12,12,2.3132781132818825,0,3.3132781132818825,0,0,0,,,"P"
3906873,1033547,1033476,23/04/25,317.24956982151537,317.2495698215152,634.49913964303057,12,12,2.3132781132818825,0,3.263278113281882,0,0,0,,,"P"
4043029,1033547,1033476,23/04/25,317.24956982151537,317.2495698215152,634.49913964303057,12,12,2.3132781132818825,0,3.263278113281882,0,0,0,,,"P"
3809167,1033547,1033476,23/04/25,317.24956982151537,317.2495698215152,634.49913964303057,12,12,2.3132781132818825,0,3.3132781132818825,0,0,0,,,"P"
2024993,1033547,1033476,23/04/25,317.24956982151537,317.2495698215152,634.49913964303057,12,12,2.3132781132818825,0,3.263278113281882,0,0,0,,,"A"
2163181,1033547,1033476,23/04/25,317.24956982151537,317.2495698215152,634.49913964303057,12,12,2.3132781132818825,0,3.3132781132818825,0,0,0,,,"P"
3808695,1033547,1033476,23/04/25,317.24956982151537,317.2495698215152,634.49913964303057,12,12,2.3132781132818825,0,3.3132781132818825,0,0,0,,,"P"
3906883,1033547,1033476,23/04/25,317.24956982151537,317.2495698215152,634.49913964303057,12,12,2.3132781132818825,0,3.263278113281882,0,0,0,,,"P"
3854123,1033547,1033476,23/04/25,317.24956982151537,317.2495698215152,634.49913964303057,12,12,2.3132781132818825,0,3.263278113281882,0,0,0,,,"P"
3887680,1033547,1033476,23/04/25,317.24956982151537,317.2495698215152,634.49913964303057,12,12,2.3132781132818825,0,3.263278113281882,0,0,0,,,"P"
3588084,1033547,1033476,23/04/25,317.24956982151537,317.2495698215152,634.49913964303057,12,12,2.3132781132818825,0,3.3132781132818825,0,0,0,,,"P"
3808232,1033547,1033476,23/04/25,317.24956982151537,317.2495698215152,634.49913964303057,12,12,2.3132781132818825,0,3.3132781132818825,0,0,0,,,"P"
3874663,1033547,1033476,23/04/25,317.24956982151537,317.2495698215152,634.49913964303057,12,12,2.3132781132818825,0,3.263278113281882,0,0,0,,,"P"
3894130,1033547,1033476,23/04/25,317.24956982151537,317.2495698215152,634.49913964303057,12,12,2.3132781132818825,0,3.263278113281882,0,0,0,,,"P"
3588109,1033547,1033476,23/04/25,317.24956982151537,317.2495698215152,634.49913964303057,12,12,2.3132781132818825,0,3.3132781132818825,0,0,0,,,"P"
3913232,1033547,1033476,23/04/25,317.24956982151537,317.2495698215152,634.49913964303057,12,12,2.3132781132818825,0,3.263278113281882,0,0,0,,,"P"
4180369,1033547,1033476,23/04/25,317.24956982151537,317.2495698215152,634.49913964303057,12,12,2.2912468931553884,0,78.24124689315539,0,0,0,,,"A"
3938926,1033547,1033476,23/04/25,317.24956982151537,317.2495698215152,634.49913964303057,12,12,2.3132781132818825,0,3.263278113281882,0,0,0,,,"P"
3900505,1033547,1033476,23/04/25,317.24956982151537,317.2495698215152,634.49913964303057,12,12,2.3132781132818825,0,3.263278113281882,0,0,0,,,"P"
1840887,1033547,1033476,25/04/25,16.3777994047722,16.377799404772198,32.755598809544398,12,12,0.6791320232928616,0,3.6784607269965655,0,0,0,,,"P"
1840888,1033547,1033476,25/04/25,16.3777994047722,16.377799404772198,32.755598809544398,12,12,0.6791320232928616,0,3.6784607269965655,0,0,0,,,"P"
1872092,1033547,1033476,25/04/25,317.24956982151537,16.377799404772198,333.627369226287568,12,12,1.1566390566409415,0,4.155967760344645,0,0,0,,,"P"
1875074,1033547,1033476,25/04/25,317.24956982151537,16.377799404772198,333.627369226287568,12,12,1.1566390566409415,0,4.155967760344645,0,0,0,,,"P"
1872082,1033547,1033476,25/04/25,317.24956982151537,16.377799404772198,333.627369226287568,12,12,1.1566390566409415,0,4.155967760344645,0,0,0,,,"P"
1875084,1033547,1033476,25/04/25,317.24956982151537,16.377799404772198,333.627369226287568,12,12,1.1566390566409415,0,4.155967760344645,0,0,0,,,"P"
1826087,1033547,1033476,25/04/25,386.9138691243613,3654.9828055339663,4041.8966746583276,12,12,14.736081626358486,0,15.736081626358486,0,0,0,,,"T"
1895029,1894926,1033476,05/05/25,317.24956982151537,317.2495698215152,634.49913964303057,12,12,93.15625,0,93.65625,0,0,0,,,"T"
1976089,1894926,1033476,05/05/25,317.24956982151537,317.2495698215152,634.49913964303057,12,12,2.3069444444444445,0,5.313194444444445,0,0,0,,,"P"
1062473,1033479,1033476,20/05/25,317.24956982151537,317.2495698215152,634.49913964303057,12,12,2.3132781132818825,0,16.33394477994855,0,0,0,,,"T"
1062769,1033479,1033476,06/06/25,317.24956982151537,317.2495698215152,634.49913964303057,12,12,2.3132781132818825,0,16.332944779948548,0,0,0,,,"T"
1063166,1033479,1033476,22/06/25,317.24956982151537,317.2495698215152,634.49913964303057,12,12,2.3132781132818825,0,16.37494477994855,0,0,0,,,"T"
1266759,1033547,1033476,05/07/25,0,1932.2919327502746,1932.2919327502746,12,12,7.044814338152042,0,8.044814338152042,0,0,0,,,"T"
1063664,1033479,1033476,08/07/25,317.24956982151537,317.2495698215152,634.49913964303057,12,12,2.3132781132818825,0,16.332944779948548,0,0,0,,,"T"
1064263,1033479,1033476,25/07/25,317.24956982151537,317.2495698215152,634.49913964303057,12,12,2.3132781132818825,0,16.37494477994855,0,0,0,,,"T"
4182115,1894926,1033476,07/08/25,317.24956982151537,317.2495698215152,634.49913964303057,12,12,2.3132781132818825,0,2.3132781132818825,0,0,0,,,"T"
4182519,1894926,1033476,07/08/25,317.24956982151537,317.2495698215152,634.49913964303057,12,12,2.2912468931553884,0,2.2912468931553884,0,0,0,,,"T"
4170302,1894926,1033476,07/08/25,317.24956982151537,317.2495698215152,634.49913964303057,12,12,2.3132781132818825,0,2.3132781132818825,0,0,0,,,"T"
1064964,1033479,1033476,10/08/25,317.24956982151537,317.2495698215152,634.49913964303057,12,12,2.3132781132818825,0,16.332944779948548,0,0,0,,,"T"
1065543,1033479,1033476,26/08/25,317.24956982151537,317.2495698215152,634.49913964303057,12,12,2.3132781132818825,0,13.08294477994855,0,0,0,,,"T"
1065737,1033479,1033476,09/09/25,317.24956982151537,317.2495698215152,634.49913964303057,12,12,2.3132781132818825,0,9.49994477994855,0,0,0,,,"T"
1066034,1033479,1033476,18/09/25,317.24956982151537,317.2495698215152,634.49913964303057,12,12,2.3132781132818825,0,9.49994477994855,0,0,0,,,"T"
1066432,1033479,1033476,28/09/25,317.24956982151537,317.2495698215152,634.49913964303057,12,12,2.3132781132818825,0,9.49994477994855,0,0,0,,,"T"
1066931,1033479,1033476,07/10/25,317.24956982151537,317.2495698215152,634.49913964303057,12,12,2.3132781132818825,0,9.49994477994855,0,0,0,,,"T"
1067530,1033479,1033476,17/10/25,317.24956982151537,317.2495698215152,634.49913964303057,12,12,2.3132781132818825,0,9.49994477994855,0,0,0,,,"T"
1068039,1033479,1033476,26/10/25,317.24956982151537,317.2495698215152,634.49913964303057,12,12,2.3132781132818825,0,10.58294477994855,0,0,0,,,"T"
1068236,1033479,1033476,06/11/25,317.24956982151537,317.2495698215152,634.49913964303057,12,12,2.3132781132818825,0,7.58394477994855,0,0,0,,,"T"
1068535,1033479,1033476,13/11/25,317.24956982151537,317.2495698215152,634.49913964303057,12,12,2.3132781132818825,0,7.58294477994855,0,0,0,,,"T"
1068935,1033479,1033476,21/11/25,317.24956982151537,317.2495698215152,634.49913964303057,12,12,2.3132781132818825,0,7.6249447799485495,0,0,0,,,"T"
1069309,1033479,1033476,28/11/25,317.24956982151537,317.2495698215152,634.49913964303057,12,12,2.3132781132818825,0,4.72994477994855,0,0,0,,,"T"
1069506,1033479,1033476,08/12/25,317.24956982151537,317.2495698215152,634.49913964303057,12,12,2.3132781132818825,0,16.332944779948548,0,0,0,,,"T"
1069806,1033479,1033476,20/12/25,317.24956982151537,317.2495698215152,634.49913964303057,12,12,2.3132781132818825,0,4.72994477994855,0,0,0,,,"T"
1070207,1033479,1033476,24/12/25,317.24956982151537,317.2495698215152,634.49913964303057,12,12,2.3132781132818825,0,4.72994477994855,0,0,0,,,"T"
