"FLEET_PLAN_VOYAGE_ID","FLEET_PLAN_ID","SEQUENCE","VESSEL_ID","VESSEL_NAME","VOYAGE_ID","ESTIMATED_VOYAGE_START_DATE"
1102094,1013798,1,1038877,"Almi Galaxy",1046167,27-JAN-25
1211734,1013798,2,1038877,"Almi Galaxy",1186013,24-FEB-25
1701951,1013798,3,1038877,"Almi Galaxy",1216351,25-APR-25
1753595,1013798,4,1038877,"Almi Galaxy",1641798,26-APR-25
3043327,1013798,1,1039921,"Aura M",3042702,05-NOV-25
1472398,1013798,1,1040549,"Dallas",1397007,16-APR-25
1054278,1013798,1,1040617,"Dee4 Juniper",1053497,30-JAN-22
1222394,1013798,2,1040617,"Dee4 Juniper",1217904,25-JAN-24
1276566,1013798,3,1040617,"Dee4 Juniper",1270270,08-MAR-24
1288327,1013798,4,1040617,"Dee4 Juniper",1282433,28-MAR-24
1062626,1013798,1,1040826,"Dee4 Mahogany",1061928,09-DEC-23
1492607,1013798,2,1040826,"Dee4 Mahogany",1275456,21-DEC-23
2111130,1013798,3,1040826,"Dee4 Mahogany",1219985,26-AUG-25
1760013,1013798,1,1041021,"Dee4 Nerium",1381027,15-APR-25
2154994,1013798,1,1041077,"Emma Grace",2152943,26-JUN-25
2155670,1013798,2,1041077,"Emma Grace",2153539,26-JUN-25
1563975,1013798,1,1041179,"Largo Evolution",1547545,15-APR-25
1858887,1013798,2,1041179,"Largo Evolution",1854438,15-APR-25
1905795,1013798,3,1041179,"Largo Evolution",1905214,22-APR-25
1922994,1013798,4,1041179,"Largo Evolution",1922508,09-AUG-25
1924972,1013798,5,1041179,"Largo Evolution",1924458,14-AUG-25
1927495,1013798,6,1041179,"Largo Evolution",1927075,14-AUG-25
1946651,1013798,7,1041179,"Largo Evolution",1946180,07-AUG-25
2009421,1013798,8,1041179,"Largo Evolution",2008558,01-AUG-25
1064441,1013798,1,1041237,"Safeen Elizabeth",1050535,24-JUN-23
1842595,1013798,2,1041237,"Safeen Elizabeth",1840822,26-JUL-25
2096266,1013798,3,1041237,"Safeen Elizabeth",2095525,26-JUL-25
1056289,1013798,1,1041307,"Solar Tine",1049467,28-JAN-25
1878521,1013798,1,1041384,"Sonangol Cabinda",1876884,21-JUL-25
1569954,1013798,1,1041768,"Sonangol Maiombe",1569121,08-MAY-25
1571766,1013798,2,1041768,"Sonangol Maiombe",1571209,08-MAY-25
1752402,1013798,1,1041848,"Sonangol Namibe",1751761,24-JUN-25
2946961,1013798,1,1041918,"Sonangol Njinga Mbande",2064136,19-AUG-25
1206723,1013798,1,1042074,"Sonangol Rangel",1117971,27-FEB-25
1442411,1013798,2,1042074,"Sonangol Rangel",1441884,03-MAY-25
1755338,1013798,3,1042074,"Sonangol Rangel",1694482,03-JUN-25
2809824,1013798,4,1042074,"Sonangol Rangel",2808847,22-AUG-25
1063777,1013798,1,1042150,"Stena Conductor",1063007,29-JAN-25
2089389,1013798,2,1042150,"Stena Conductor",2033455,22-MAR-26
1072328,1013798,1,1042278,"Stena Image",1070479,30-AUG-22
2030828,1013798,2,1042278,"Stena Image",2025146,26-OCT-22
3155121,1013798,3,1042278,"Stena Image",2757881,15-DEC-22
2775325,1013798,1,1042612,"Stena Imperator",2774202,24-SEP-25
1060960,1013798,1,1042784,"Stena Important",1051407,20-AUG-22
2146310,1013798,2,1042784,"Stena Important",2145048,01-NOV-22
2734439,1013798,3,1042784,"Stena Important",2733212,24-NOV-22
2806340,1013798,4,1042784,"Stena Important",2805526,06-SEP-25
1067496,1013798,1,1042900,"Stena Imprimis",1066854,29-JAN-25
2733104,1013798,2,1042900,"Stena Imprimis",2732472,12-MAY-25
1749846,1013798,1,1043022,"Stena Suede",1749267,24-JUN-25
3114173,1013798,2,1043022,"Stena Suede",3113897,12-JUL-25
1726599,1013798,1,1043108,"Stena Sunrise",1646701,28-MAY-25
1055692,1013798,1,1043280,"Stena Superior",1054664,29-JAN-25
2731437,1013798,1,1043488,"Lady Amanda",2730005,23-SEP-25
1472899,1013798,1,1043540,"Kalk Bay",1396573,29-JAN-25
1756562,1013798,1,1650272,"100 Point Suezmax",1742611,23-JUN-25
2012594,1013798,2,1650272,"100 Point Suezmax",2012008,30-JUL-25
1754646,1013798,1,1651778,"Almi Navigator",1652137,29-MAY-25
2948020,1013798,1,1668130,"Dee4 Kastania",2662321,18-SEP-25
2948722,1013798,1,1669802,"Castara",2639324,23-AUG-25
3067827,1013798,1,1832345,"Sea Cougar",3066189,26-JUN-25
3070095,1013798,2,1832345,"Sea Cougar",3068424,17-SEP-25
