"VOYAGE_ID","VESSEL_ID","VOYAGE_STATUS","ESTIMATED_VOYAGE_START_DATE","HAS_CANAL_PASSAGE","IS_BALLAST","CANAL_COST","MILES_DIRECT","MILES_BALLAST","MILES_LOADED","DAYS_TOTAL_AT_SEA","DAYS_TOTAL_IN_PORT","DAYS_BALLAST","DAYS_LOADED","DAYS_WAITING","ORIGIN_PORT_ID","DEST_PORT_ID","RP_BALLAST_ID","RP_LOADED_ID","TERMINAL_ID","LAYCAN_START_UTC","LAYCAN_END_UTC","FREIGHT","GROSS_FREIGHT","NET_FREIGHT","FREIGHT_COST","PORT_COST","HANDLING_COST","VOYAGE_CANAL_COST","FO_COST","DO_COST","VARIOUS_COST","VARIOUS_REVENUE","RUNNING_COST","RUNNING_COST_PER_DAY"
1044146,1043436,"T",27-JAN-25,0,0,0,,4419.994125705499,4419.994125705502,29.749960461479326,0,14.874980230739657,14.874980230739668,0,101122,,,,,,,2286570,2398570,2308623.625,0,180000,0,0,0,0,50000,112000,0,0
1046167,1038877,"A",27-JAN-25,0,0,0,,707.0550400205506,4646.209627091309,18.73642633489151,8.503999999999998,2.474692640071927,16.261733694819583,5.004,103029,,,,,04-FEB-25,05-FEB-25,1768710,1983710,1909320.875,0,236684.97,0,0,0,0,3225.5699999999997,0,0,0
1049012,1040617,"T",28-JAN-25,0,0,0,,4274,4274,30.137827115488072,0,15.068913557744036,15.068913557744038,0,103527,,,,,,,1111600,1111600,1069915,0,50000,0,0,0,0,0,0,0,0
1049467,1041307,"A",28-JAN-25,0,0,0,,4894.290339484522,6845.316106911035,39.508290925369664,12.059584986772478,16.471169411726756,23.037121513642905,0,103249,,,,,,,1880000,1980000,1871900,1755000,130000,0,0,0,0,50000,100000,0,0
1050535,1041237,"A",24-JUN-23,0,0,0,,4894.290339484522,6845.316106911035,41.088622562384444,0,17.130016188195825,23.958606374188623,0,103249,,,,,,,6110000,6110000,5758675,5703750,0,0,0,0,0,0,0,0,0
1051260,1043436,"T",27-JAN-25,0,0,0,,4419.994125705499,4419.994125705502,29.749960461479326,0,14.874980230739657,14.874980230739668,0,101122,,,,,,,2286570,2398570,2308623.625,0,180000,0,0,0,0,50000,112000,0,0
1051407,1042784,"A",20-AUG-22,0,0,0,,1660.9284929806392,9065.45709317572,33.35833333333333,0,4.570833333333334,28.787499999999994,0,103154,,,,,07-MAR-25,09-MAR-25,7190486.100000001,7674590.961111112,7332161.470166667,0,0,0,0,0,0,260.75,100493.75,0,0
1051812,1042724,"T",22-OCT-22,0,0,0,,1661,8871,35.44291605964153,0,5.5896631975309985,29.853252862110534,0,103154,,,,,,,475800,475800,475800,0,75000,0,0,0,0,0,0,0,0
1052097,1039921,"T",28-JAN-25,0,0,0,,707.0550400205506,4646.209627091309,18.73642633489151,0,2.474692640071927,16.261733694819583,0,103029,,,,,05-FEB-25,06-FEB-25,1768710,1768710,1702383.375,0,150000,0,0,0,0,0,0,0,0
1053497,1040617,"A",30-JAN-22,0,0,0,,634.3035518153733,1145.3949566168642,5.583333333333334,0,2.254166666666667,3.3291666666666666,0,100343,,,,,,,1025000,1955312.5,1828351.09375,0,99197.07359043907,0,0,0,0,5555,100000,0,0
1054395,1040617,"P",30-JAN-22,0,0,0,,634,1145,5.9893699803008,0,2.134675414763276,3.8546945655375238,0,100343,,,,,,,1025000,1043500,1010187.5,0,135000,0,0,0,0,0,18500,0,0
1054664,1043280,"A",29-JAN-25,0,0,0,,0,18809.688486725514,1080.0000000000002,0,0,1080.0000000000002,0,104233,,,,,,,38728620.83333334,38771145.41935485,36834714.377688184,0,0,0,0,0,0,0,0,0,0
1055843,1043280,"P",29-JAN-25,0,0,0,,0,10031,1080,0,0,1080,0,104233,,,,,,,38772000,38814565.58782024,37845265.58782024,0,0,0,0,0,0,0,0,0,0
1056464,1041307,"P",28-JAN-25,0,0,0,,4894,6845,39.508290925369664,0,16.471169411726756,23.037121513642905,0,103249,,,,,,,1880000,1880000,1771900,1755000,0,0,0,0,0,0,0,0,0
1059231,1042784,"T",30-AUG-22,0,0,0,,1661,8552,34.369955988566694,0,5.5896631975309985,28.7802927910357,0,103154,,,,,,,0,0,0,0,0,0,0,0,0,0,0,0,0
1061191,1042784,"P",20-AUG-22,0,0,0,,1661,8977,36.26550805942929,0,6.055468463991914,30.210039595437376,0,103154,,,,,,,11515500,11615500,10944010,0,0,0,0,0,0,0,100000,0,0
1061928,1040826,"A",09-DEC-23,0,0,0,,629.2295685757045,1145.3949566168642,514.9583377270978,5.5,2.1458333333333335,512.8125043937645,0,100343,,,,,,,1025000,1111500,1078187.5,0,135000,0,0,0,0,5000,86500,0,0
1062743,1040826,"P",09-DEC-23,0,0,0,,629,1145,5.972294075167298,0,2.117599509629775,3.8546945655375233,0,100343,,,,,,,1025000,1043500,1010187.5,0,135000,0,0,0,0,0,18500,0,0
1063007,1042150,"A",29-JAN-25,0,0,0,,0,15177.977520156554,1079.9999999999998,0,0,1079.9999999999998,0,104233,,,,,,,38771999.99999999,38814572.97311828,37845272.97311828,0,0,0,0,0,0,0,0,0,0
1063892,1042150,"P",29-JAN-25,0,0,0,,0,10031,1080,0,0,1080,0,104233,,,,,,,38772000,38814565.90307057,37845265.90307057,0,0,0,0,0,0,0,0,0,0
1064616,1041237,"P",24-JUN-23,0,0,0,,4894,6845,41.088622562384444,0,17.130016188195825,23.958606374188623,0,103249,,,,,,,1880000,1880000,1771900,1755000,0,0,0,0,0,0,0,0,0
1066103,1043436,"T",27-JAN-25,0,0,0,,4420,4420,29.749960461479326,0,14.874980230739657,14.874980230739668,0,101122,,,,,,,2286570,2398570,2308623.625,0,180000,0,0,0,0,50000,112000,0,0
1066350,1043366,"T",27-JAN-25,0,0,0,,4420,4420,28.33329567759936,0,14.166647838799674,14.166647838799683,0,101122,,,,,,,2286570,2398570,2308623.625,0,180000,0,0,0,0,50000,112000,0,0
1066610,1043540,"T",29-JAN-25,0,0,0,,0,1649,5.550039459636952,0,0,5.550039459636952,0,103029,,,,,,,0,0,0,0,0,0,0,0,0,0,0,0,0
1066854,1042900,"A",29-JAN-25,0,0,0,,3601.201896476669,21667.91146345066,89.08982274333353,0,12.696545147834412,76.39327759549911,0,101018,,,,,11-JAN-25,15-JAN-25,3360000,3440222,3336222,0,280000,0,0,0,0,0,80222,0,0
1067589,1042900,"P",29-JAN-25,0,0,0,,3601,12534,56.8886352285074,0,12.696545147834412,44.19209008067298,0,101018,,,,,11-JAN-25,15-JAN-25,2650000,2730000,2663750,0,280000,0,0,0,0,0,80000,0,0
1067945,1067879,"T",30-JAN-25,0,1,0,,3040,4108,24.057004768684806,0,10.231404262312775,13.82560050637203,0,101122,,,,,,,1191399.9999999998,1191399.9999999998,1146722.4999999998,0,90000,0,0,0,0,20000,0,0,0
1070479,1042278,"A",30-AUG-22,0,0,0,,1660.9284929806392,9056.008690577146,36.0666155215887,0,5.5896631975309985,30.476952324057706,0,103154,,,,,,,7229400,7329400,7000798,0,0,0,0,0,0,0,100000,0,0
1072585,1042278,"P",30-AUG-22,0,0,0,,1661,9056,36.0666155215887,0,5.5896631975309985,30.476952324057706,0,103154,,,,,,,7229400,7329400,7000798,0,0,0,0,0,0,0,100000,0,0
1074211,1041021,"T",03-FEB-25,0,0,0,,481.63569669651764,5314.995629481632,19.507893886176465,0,1.6208893638825113,17.887004522293953,0,104146,,,,,,,50000,50000,50000,0,0,0,0,0,0,0,0,0,0
1087147,1041918,"T",07-FEB-25,0,0,0,,5633,14154,70.85099445692362,0,21.02745897687039,49.82353548005322,0,100941,,,,907609,23-FEB-25,24-FEB-25,5000000,5000000,4812500,0,170000,0,0,0,0,40000,0,0,0
1090421,1038877,"T",24-FEB-25,0,0,0,,1578.062711303767,5314.995629481632,16.814665497945857,0,5.523219489563184,11.291446008382673,0,102955,,,,,,,0,0,0,0,0,0,0,0,0,0,0,0,0
1092322,1038877,"T",02-JAN-25,0,0,0,,0,5314.995629481632,10.857372563974904,0,0,10.857372563974904,0,104078,,,,,,,0,10000,10000,0,100000,0,0,0,0,65000,10000,0,0
1092568,1041918,"T",07-FEB-25,0,0,0,,5633,14154,68.17725567989152,0,19.409962132495743,48.767293547395774,0,100941,,,,907609,23-FEB-25,24-FEB-25,5000000,5000000,4812500,0,170000,0,0,0,0,40000,0,0,0
1093555,1043366,"T",11-FEB-25,0,1,0,,7271,8187,55.165392197013624,0,26.509337169799714,28.65605502721391,1.4,103436,,,,,25-FEB-25,27-FEB-25,3662100,3662100,3524771.25,0,80000,0,0,0,0,40000,0,0,0
1095379,1067879,"T",30-JAN-25,0,1,0,,3040,4108,23.069461875372518,0,10.231404262312775,12.838057613059743,0,101122,,,,,,,1191399.9999999998,1191399.9999999998,1146722.4999999998,0,90000,0,0,0,0,20000,0,0,0
1102168,1038877,"P",27-JAN-25,0,0,0,,707.0550400205506,4646.209627091309,18.73642633489151,0,2.474692640071927,16.261733694819583,5.004,103029,,,,,04-FEB-25,05-FEB-25,1768710,1768710,1702383.375,0,150000,0,0,0,0,0,0,0,0
1114135,1043022,"T",27-FEB-25,0,0,0,,4416.1848750810495,4416.184875081052,29.724321274584,0,14.862160637291995,14.862160637292003,0,101122,,,,,,,4713800,4825800,4619571.25,0,180000,0,0,0,0,50000,112000,0,0
1117971,1042074,"A",27-FEB-25,0,0,0,,4416.1848750810495,13248.554625243156,59.448642549168,0,14.862160637291995,44.58648191187601,0,101122,,,,,,,4334650.268185288,4558650.268185288,4396100.883128339,0,176332.8,0,0,0,0,134989.95,224000,0,0
1121839,1043022,"T",27-FEB-25,0,0,0,,4416.1848750810495,13248.554625243156,59.448642549168,0,14.862160637291995,44.58648191187601,0,101122,,,,,,,4713800,4713800,4537032.5,0,0,0,0,0,0,100000,0,0,0
1167726,1041307,"T",15-AUG-23,0,0,0,,2289.1831165841318,14332.99242247515,56.488275144999854,0,7.703981642350443,48.78429350264941,0,101851,,,,,,,3439428,3439428,3398574.45,0,120000,0,0,0,0,0,0,0,0
1176764,1042784,"T",01-NOV-22,0,0,0,,1848.7537356483106,4856.749746941201,23.34492353867323,0,6.2217673795856605,17.123156159087568,0,101967,,,,,04-APR-25,14-APR-25,1840000,1840000,1771000,0,190000,0,0,0,0,40000,0,0,0
1178806,1038877,"T",24-FEB-25,0,0,0,,0,4809.278818680013,16.832475865380044,0,0,16.832475865380044,0,102955,,,,,23-FEB-25,25-FEB-25,1100000,1120000,1092500,0,75000,0,0,0,0,20000,20000,0,0
1186013,1038877,"T",24-FEB-25,0,0,0,,2100.400334970864,14073.893879980464,57.14917289282803,0,7.421414516897053,49.727758375930975,0,102955,,,,,,,2397600,2606578,2546638,0,0,0,0,0,0,0,208978,0,0
1206852,1042074,"P",27-FEB-25,0,0,0,,4416.1848750810495,13248.554625243156,59.448642549168,0,14.862160637291995,44.58648191187601,0,101122,,,,,,,4334650.268185288,4558650.268185288,4396100.883128339,0,360000,0,0,0,0,100000,224000,0,0
1216351,1038877,"A",25-APR-25,0,0,0,,1383.2568898395868,9308.607248369126,38.093902504545255,0,6.003335536945758,32.0905669675995,0,102819,,,,,06-APR-25,06-JUN-25,4167274.5,5088098.133424238,4930764.792799238,0,500000,0,0,0,0,48831,892542.3834242385,0,0
1217904,1040617,"A",25-JAN-24,0,0,0,,4702.142641371842,4879.463508076253,32.24578992602724,0,15.824518504616776,16.421271421410466,0,103765,,,,,01-APR-25,07-APR-25,1840000,2173000,2104000,0,185000,0,0,0,0,12500,333000,0,0
1218240,1041307,"T",15-AUG-23,0,0,0,,4702.142641371842,4879.463508076253,32.24578992602724,0,15.824518504616776,16.421271421410466,0,103765,,,,,03-MAY-25,09-MAY-25,1840000,1840000,1771000,0,185000,0,0,0,0,0,0,0,0
1218581,1041307,"T",15-AUG-23,0,0,0,,4702.142641371842,4879.463508076253,32.24578992602724,0,15.824518504616776,16.421271421410466,0,103765,,,,,05-JUN-25,11-JUN-25,1840000,1840000,1771000,0,185000,0,0,0,0,0,0,0,0
1218926,1041307,"T",15-AUG-23,0,0,0,,4702.142641371842,4879.463508076253,32.24578992602724,0,15.824518504616776,16.421271421410466,0,103765,,,,,07-JUL-25,13-JUL-25,1840000,1840000,1771000,0,185000,0,0,0,0,0,0,0,0
1219275,1041307,"T",15-AUG-23,0,0,0,,4702.142641371842,4879.463508076253,32.24578992602724,0,15.824518504616776,16.421271421410466,0,103765,,,,,09-AUG-25,15-AUG-25,1840000,1840000,1771000,0,185000,0,0,0,0,0,0,0,0
1219628,1041307,"T",15-AUG-23,0,0,0,,4702.142641371842,4879.463508076253,32.24578992602724,0,15.824518504616776,16.421271421410466,0,103765,,,,,10-SEP-25,16-SEP-25,1840000,1840000,1771000,0,185000,0,0,0,0,0,0,0,0
1219985,1040826,"T",26-AUG-25,0,0,0,,4310.552243930596,4856.749746941201,30.85149802350361,0,14.506667144374566,16.34483087912904,0,101110,,,,,13-OCT-25,19-OCT-25,1840000,1840000,1771000,0,185000,0,0,0,0,0,0,0,0
1220347,1041307,"T",15-AUG-23,0,0,0,,4702.142641371842,4879.463508076253,32.24578992602724,0,15.824518504616776,16.421271421410466,0,103765,,,,,14-NOV-25,20-NOV-25,1840000,1840000,1771000,0,185000,0,0,0,0,0,0,0,0
1220714,1041307,"T",15-AUG-23,0,0,0,,4702.142641371842,4879.463508076253,32.24578992602724,0,15.824518504616776,16.421271421410466,0,103765,,,,,17-DEC-25,23-DEC-25,1840000,1840000,1771000,0,185000,0,0,0,0,0,0,0,0
1221085,1041307,"T",15-AUG-23,0,0,0,,4702.142641371842,4879.463508076253,32.24578992602724,0,15.824518504616776,16.421271421410466,0,103765,,,,,18-JAN-26,24-JAN-26,1840000,1840000,1771000,0,185000,0,0,0,0,0,0,0,0
1221460,1041307,"T",15-AUG-23,0,0,0,,4702.142641371842,4879.463508076253,32.24578992602724,0,15.824518504616776,16.421271421410466,0,103765,,,,,20-FEB-26,26-FEB-26,1840000,1840000,1771000,0,185000,0,0,0,0,0,0,0,0
1221839,1042668,"T",08-MAR-26,0,0,0,,1874.3562268869846,4879.463508076253,23.51116633690773,0,6.3079296097158135,17.203236727191918,9.35,101967,,,,,24-MAR-26,30-MAR-26,1840000,3825974.155125104,3756974.155125104,0,185000,0,0,0,0,20000,1985974.155125104,0,0
1222852,1040617,"P",25-JAN-24,0,0,0,,4702.142641371842,4879.463508076253,32.24578992602724,0,15.824518504616776,16.421271421410466,0,103765,,,,,01-APR-25,07-APR-25,1840000,1840000,1771000,0,185000,0,0,0,0,0,0,0,0
1223491,1043366,"T",26-MAR-25,0,0,0,,3988.3636857807965,16369.11942713326,68.51076047615308,0,13.422377788685372,55.08838268746771,0,103436,,,,,,,2562000,2562000,2465925,0,30000,0,0,0,0,0,0,0,0
1224951,1043366,"T",26-MAR-25,0,0,0,,3988.3636857807965,16369.11942713326,68.51076047615308,0,13.422377788685372,55.08838268746771,0,103436,,,,,,,2562000,2562000,2465925,0,30000,0,0,0,0,0,0,0,0
1225691,1043366,"T",26-MAR-25,0,0,0,,3988.3636857807965,16369.11942713326,68.51076047615308,0,13.422377788685372,55.08838268746771,0,103436,,,,,,,2562000,2562000,2465925,0,30000,0,0,0,0,0,0,0,0
1256959,1042074,"T",03-MAY-25,0,1,0,,3616.4554321123833,9017.978952931848,45.062815973324426,0,12.898691041200834,32.16412493212359,10,102355,,,,,22-APR-25,24-APR-25,4492929.999999999,4492929.999999999,4324445.124999999,0,226000,0,0,0,0,0,0,0,0
1258771,1041542,"T",01-APR-25,0,0,0,,236.26655139045064,4298.882468177524,16.250950653451913,0,0.8466218091491148,15.404328844302796,20.758,102379,,,,,23-APR-25,25-APR-25,2277600,2277600,2192190,0,170000,0,0,0,0,0,0,0,0
1259762,1042074,"T",03-MAY-25,0,1,0,,3616.4554321123833,9017.978952931848,45.062815973324426,0,12.898691041200834,32.16412493212359,10,102355,,,,,22-APR-25,24-APR-25,4492929.999999999,4492929.999999999,4324445.124999999,0,226000,0,0,0,0,0,0,0,0
1267163,1042278,"T",26-OCT-22,0,0,0,,500.6950446149975,386.9141061970566,2.98714618061749,0,1.6850314001466262,1.3021147804708635,0,104526,,,,,,,0,0,0,0,0,0,0,0,0,0,0,0,0
1269182,1041179,"T",15-APR-25,0,0,0,,3421.1505845542038,3421.150584554204,24.12349771160016,0,12.061748855800078,12.06174885580008,0,101967,,,,,,,961260,961260,925212.75,0,115000,0,0,0,0,20000,0,0,0
1270270,1040617,"A",08-MAR-24,0,0,0,,170.06134261259075,5439.560593130829,18.8741186271675,0,0.5679050925925926,18.30621353457491,0,100469,,,,,,,2997000,3004500,2967037.5,0,51461.240000000005,0,0,0,0,29377.25,7500,0,0
1270805,1042784,"T",21-JUL-23,0,0,0,,4402.661845275763,4363.345454704852,30.03283983901958,0,15.068802542435634,14.964037296583948,1,103527,,,,,,,972650,972650,936175.625,0,43000,0,0,0,0,0,0,0,0
1272642,1040826,"T",21-DEC-23,0,0,0,,1829.4632277599173,5150.79159362607,23.49124218735669,0,6.156847401115106,17.33439478624158,0,100817,,,,,,,1400000,1400000,1347500,0,150000,0,0,0,0,15000,0,0,0
1274843,1040617,"T",08-MAR-24,0,0,0,,4402.661845275763,4363.345454704852,30.830617287107454,0,15.447027542955732,15.383589744151722,2,103527,,,,,,,1389500.0000000002,1389500.0000000002,1337393.7500000002,0,42500,0,0,0,0,0,0,0,0
1275456,1040826,"A",21-DEC-23,0,0,0,,5125.08200921149,26952.347164478713,92.93418116250848,0,2.2291666666666665,90.70501449584181,0,100265,,,,,30-APR-25,17-MAY-25,4650000,4800250,4659625,0,40000,0,0,0,0,1555,250,0,0
1275899,1040617,"T",08-MAR-24,0,0,0,,4402.661845275763,4363.345454704852,30.830617287107454,0,15.447027542955732,15.383589744151722,2,103527,,,,,,,1389500.0000000002,1389500.0000000002,1337393.7500000002,0,42500,0,0,0,0,0,0,0,0
1276622,1040617,"P",08-MAR-24,0,0,0,,170.06134261259075,5162.008997764303,17.944467491653008,0,0.572321826100065,17.372145665552942,0,100469,,,,,,,3000000,3000250,2962750,0,40000,0,0,0,0,1555,250,0,0
1277164,1040617,"T",28-MAR-24,0,0,0,,0,10605.98121625818,50,0,0,50,0,103029,,,,,,,950000,952500,952500,0,0,0,0,0,0,0,0,0,0
1278957,1042784,"T",01-NOV-22,0,1,0,,5917.4603859743565,8461.03175676276,50.276416879303085,0,19.914530145106006,30.361886734197075,0,100817,,,,,,,2520000,2520000,2488500,0,78000,0,0,0,0,5000,0,0,0
1281967,1040969,"T",02-APR-25,0,0,0,,0,5136.515722630012,18.726880238755253,0,0,18.726880238755253,0,103029,,,,,,,2000000,2000000,1925000,0,105000,0,0,0,0,0,0,0,0
1282433,1040617,"A",28-MAR-24,0,0,0,,5143.01829015692,6622.097996701483,37.21777822367704,0,15.004444444444445,22.213333779232592,0,103029,,,,,,,4182026.3999999994,4276626.619999999,4161703.121749999,0,70000,0,0,0,0,35808.92,36850.22,0,0
1282985,1040617,"T",28-MAR-24,0,0,0,,5129.837399721669,6108.732886967798,37.822111541743396,0,17.26387586444792,20.55823567729547,0,103029,,,,,,,1200000,1200000,1155000,0,0,0,0,0,0,0,0,0,0
1285633,1040826,"T",21-DEC-23,0,0,0,,5551.463662582448,9838.100243277082,51.79180160625803,0,18.6828104029217,33.10899120333633,3,101014,,,,915733,10-APR-25,12-APR-25,3672459.578514099,3672459.578514099,3534742.3443198204,0,215000,0,0,0,0,15000,0,0,0
1287130,1040826,"T",21-DEC-23,0,0,0,,5092.9104111688475,5628.481315569872,36.081606772678384,0,17.139602345279776,18.942004427398608,0,100265,,,,,,,4200000,4210000,4210000,0,70000,0,0,0,0,5555,10000,0,0
1288406,1040617,"P",28-MAR-24,0,0,0,,5129.837399721669,5628.481315569872,33.90403017658681,0,14.9620257491882,18.942004427398608,0,103029,,,,,,,4200000,4210000,4210000,0,70000,0,0,0,0,5555,10000,0,0
1289151,1040617,"T",05-MAY-24,0,0,0,,0,5129.837399721669,40,0,0,40,0,103029,,,,,,,800000,800000,800000,0,0,0,0,0,0,0,0,0,0
1289673,1042844,"T",27-JAN-25,0,0,0,,4419.994125705499,4419.994125705502,29.749960461479326,0,14.874980230739657,14.874980230739668,0,101122,,,,,,,2286570,2398570,2308623.625,0,180000,0,0,0,0,50000,112000,0,0
1293013,1041179,"T",15-APR-25,0,0,0,,2668.482093915785,3014.1509205415296,53.98046858529351,0,8.980468585293506,45,0,104424,,,,,,,1440000,1440000,1422000,0,0,0,0,0,0,0,0,0,0
1294569,1042074,"T",03-MAY-25,0,0,0,,0,8929.480931094313,60,0,0,60,0,110855,,,,,,,3600000,3600000,3555000,0,0,0,0,0,0,0,0,0,0
1296562,1042074,"T",03-MAY-25,0,1,0,,1929.563803920798,3735.1937534802396,20.67428561593578,0,6.978575186508236,13.695710429427544,9.474,102355,,,,,29-APR-25,30-APR-25,2518229.9999999995,2518229.9999999995,2423796.3749999995,0,306644.83999999997,0,0,0,0,0,0,0,0
1304222,1042074,"T",03-MAY-25,0,1,0,,3410.592049832604,9005.999586648843,59.217409243861425,0,12.217409243861429,47,0,102355,,,,,,,2820000,2820000,2784750,0,0,0,0,0,0,0,0,0,0
1305120,1042074,"T",03-MAY-25,0,1,0,,3949.068856074358,8099.37456906518,61.14953709453656,0,14.149537094536564,47,0,102355,,,,,,,2843500,2843500,2807956.25,0,0,0,0,0,0,0,0,0,0
1305989,1042074,"T",03-MAY-25,0,1,0,,4951.584685715956,9005.999586648843,67.74188548408561,0,17.741885484085618,50,0,102355,,,,,,,3000000,3000000,2962500,0,0,0,0,0,0,0,0,0,0
1306530,1042074,"T",03-MAY-25,0,1,0,,4951.584685715956,9005.999586648843,67.74188548408561,0,17.741885484085618,50,0,102355,,,,,,,3000000,3000000,2962500,0,0,0,0,0,0,0,0,0,0
1307241,1042074,"T",03-MAY-25,0,0,0,,15.515738821617315,9005.999586648843,47.054305091047574,0,0.05430509104757354,47,0,102355,,,,,,,2820000,2820000,2784750,0,0,0,0,0,0,0,0,0,0
1319949,1038877,"T",25-APR-25,0,0,0,,4413.249152756335,4411.990361395607,30.888338299531796,0,15.446372034647172,15.441966264884623,0,101122,,,,,12-JUN-25,14-JUN-25,2239055.0000000005,2239055.0000000005,2155090.4375000005,0,180000,0,0,0,0,50000,0,0,0
1381027,1041021,"A",15-APR-25,0,0,0,,0,5337.39482789429,36.045138888888886,0,0,36.045138888888886,14.752,100269,,,,,30-APR-25,01-MAY-25,1650000,2274333.333333333,2189927.083333333,0,105000,0,0,0,0,0,23500,0,0
1396573,1043540,"A",29-JAN-25,0,0,0,,161.294546169787,3437.8478653372586,62.272222222222226,0,38.93888888888889,23.333333333333332,0,103029,,,,,09-MAR-25,10-MAR-25,1396500,1540581.423611111,1482884.6202256943,0,105000,0,0,0,0,2100,2000,0,0
1397007,1040549,"A",16-APR-25,0,0,0,,2060.6980724608266,3517.472221605742,18.772688489647106,4.944444444444443,6.935041590012397,11.83764689963471,0,101967,,,,,21-APR-25,25-APR-25,1330000,1525000,1491750,0,150000,0,0,0,0,10000,195000,0,0
1441884,1042074,"A",03-MAY-25,0,0,0,,15.515738821617315,9005.999586648843,47.054305091047574,0,0.05430509104757354,47,0,102355,,,,,,,2820000,3711086.1018209513,3675836.1018209513,0,0,0,0,0,0,5500,891086.1018209514,0,0
1471225,1042074,"P",03-MAY-25,0,0,0,,15.515738821617315,9005.999586648843,47.054305091047574,0,0.05430509104757354,47,0,102355,,,,,,,2820000,2820000,2784750,0,0,0,0,0,0,0,0,0,0
1472449,1040549,"P",16-APR-25,0,0,0,,2060.6980724608266,3517.472221605742,18.772688489647106,0,6.935041590012397,11.83764689963471,0,101967,,,,,21-APR-25,25-APR-25,1330000,1330000,1296750,0,150000,0,0,0,0,0,0,0,0
1472965,1043540,"P",29-JAN-25,0,0,0,,0,1649.1545822921228,5.550039459636952,0,0,5.550039459636952,0,103029,,,,,,,0,0,0,0,0,0,0,0,0,0,0,0,0
1492670,1040826,"P",21-DEC-23,0,0,0,,5125.08200921149,5162.008997764303,34.620017811937764,0,17.24787214638482,17.372145665552942,0,100265,,,,,,,3000000,3000250,2962750,0,40000,0,0,0,0,1555,250,0,0
1547545,1041179,"A",15-APR-25,0,0,0,,162.4593928693369,3278.6764702758674,14.175000009894301,0,0.20833334322763364,13.966666666666667,0,104559,,,,,01-MAY-25,02-MAY-25,973381.3845,1131490.5511666667,1092757.4992479167,0,110255.70999999999,0,0,0,0,7991.081306486476,100380,0,0
1564026,1041179,"P",15-APR-25,0,0,0,,162.4593928693369,3421.150584554204,12.608487197187271,0,0.5467383413871916,12.06174885580008,0,104559,,,,,01-MAY-25,02-MAY-25,993302,993302,956053.175,0,120000,0,0,0,0,0,0,0,0
1569121,1041768,"A",08-MAY-25,0,0,0,,0,103.27154745507754,0.3475484770122802,0,0,0.3475484770122802,0,104146,,,,,,,10000,10000,10000,0,0,0,0,0,0,0,0,0,0
1570009,1041768,"P",08-MAY-25,0,0,0,,0,103.27154745507754,0.3475484770122802,0,0,0.3475484770122802,0,104146,,,,,,,10000,10000,10000,0,0,0,0,0,0,0,0,0,0
1571209,1041768,"A",08-MAY-25,0,0,0,,0,103.27154745507754,0.3475484770122802,0,0,0.3475484770122802,0,104146,,,,,08-MAY-25,10-MAY-25,1350000,1458800,1458800,0,0,0,0,0,0,9160,108800,0,0
1571798,1041768,"P",08-MAY-25,0,0,0,,0,103.27154745507754,0.3475484770122802,0,0,0.3475484770122802,0,104146,,,,,,,10000,10000,10000,0,0,0,0,0,0,0,0,0,0
1593952,1041179,"T",22-APR-25,0,0,0,,1473.493817838319,1649.1545822921228,10.508912885054372,0,4.95887342541742,5.550039459636952,0,100955,,,,,,,650000,650000,625625,0,130000,0,0,0,0,15000,0,0,0
1595146,1041179,"T",13-MAY-25,0,0,0,,2095.5975480925044,3494.4188467260515,18.81255517487014,0,7.052491748388237,11.760063426481905,0,101967,,,,,04-JUN-25,10-JUN-25,1050000,1050000,1050000,0,135000,0,0,0,0,0,0,0,0
1597092,1040617,"T",10-MAY-24,0,0,0,,0,579.9684529919158,1.9508333333333334,0,0,1.9508333333333334,0,100265,,,,,,,0,0,0,0,0,0,0,0,0,0,0,0,0
1597601,1041021,"T",15-APR-25,0,0,0,,0,5337.39482789429,17.96238644002886,0,0,17.96238644002886,14.752,100269,,,,,30-APR-25,01-MAY-25,1665369.6537017822,2059848.820368449,1982604.4896046321,0,105000,0,0,0,0,0,0,0,0
1598027,1043436,"T",27-JAN-25,0,0,0,,4419.994125705499,4419.994125705502,29.749960461479326,0,14.874980230739657,14.874980230739668,0,101122,,,,,,,2286570,2398570,2308623.625,0,180000,0,0,0,0,50000,112000,0,0
1598447,1041179,"T",22-APR-25,0,0,0,,0,1649.1545822921228,5.550039459636952,0,0,5.550039459636952,0,103029,,,,,,,650000,650000,625625,0,130000,0,0,0,0,15000,0,0,0
1641798,1038877,"A",26-APR-25,0,0,0,,2191.507847480307,12737.155932493833,52.25032322990949,0,7.6702774661810755,44.580045763728414,6.273,103313,,,,,06-JUN-25,08-JUN-25,2327500,2347520,2259488.75,0,140000,0,0,0,0,20,20,0,0
1642754,1043108,"T",27-MAY-25,0,0,0,,1229.5229133101175,6680.091054572145,27.68364888758792,0,4.303330196585412,23.380318691002508,8.155,104424,,,,,13-JUN-25,,2196382.5,2196382.5,2114018.15625,0,145000,0,0,0,0,0,0,0,0
1646701,1043108,"A",28-MAY-25,0,1,0,,14851.882269276928,6191.626780332001,87.55428494135744,0,65.88358914631985,21.67069579503759,0,104424,,,,,20-JUN-25,,2947500,3309375,3191460.9375,0,95000,0,0,0,0,25000,165000,0,0
1652137,1651778,"A",29-MAY-25,0,0,0,,4416.1848750810495,4416.184875081052,30.913294125567358,0,15.456647062783674,15.456647062783684,0,101122,,,,,18-JUN-25,20-JUN-25,2003365.0000000002,2005365.0000000002,1930238.8125000002,0,0,0,0,0,0,50000,2000,0,0
1655473,1650272,"T",30-MAY-25,0,0,0,,4413.249152756335,4411.990361395607,30.888338299531796,0,15.446372034647172,15.441966264884623,0,101122,,,,954979,19-JUN-25,,1861951,1861951,1792127.8375,0,180000,0,0,0,0,0,0,0,0
1694482,1042074,"A",03-JUN-25,0,0,0,,1539.106566346308,7026.273377542167,80.61132602313758,0,5.611326023137582,75,0,100817,,,,,,,1987500,1996660,1989749.69,0,0,0,0,0,0,40000,9160,0,0
1697446,1042784,"T",01-NOV-22,0,0,0,,3180.4343838267014,3180.434383826702,20.387399896325007,0,10.193699948162504,10.193699948162505,0,103681,,,,,,,0,0,0,0,0,0,0,0,0,0,0,0,0
1702035,1038877,"P",25-APR-25,0,0,0,,1383.2568898395868,9308.607248369126,38.093902504545255,0,6.003335536945758,32.0905669675995,0,102819,,,,,06-APR-25,06-JUN-25,4167274.5,4196105.5,4039832.70625,0,500000,0,0,0,0,48831,28831,0,0
1726713,1043108,"P",28-MAY-25,0,1,0,,4617.035495169688,7344.925243966628,41.30101653514194,0,15.593778181258745,25.707238353883195,0,104424,,,,,20-JUN-25,,3005729.9999999995,3005729.9999999995,2893015.1249999995,0,95000,0,0,0,0,0,0,0,0
1739850,1041462,"T",23-JUN-25,0,0,0,,3918.069558620975,4416.184875081052,29.169887905910723,0,13.71324084312704,15.456647062783684,2.212,104168,,,,,09-JUL-25,10-JUL-25,2356900,2381900,2293516.25,0,0,0,0,0,0,0,25000,0,0
1742611,1650272,"A",23-JUN-25,0,0,0,,5185.9689265036795,5177.379644549104,36.271719998684745,0,18.150891242762878,18.120828755921863,0,101122,,,,,,,2375099.9999999995,2375099.9999999995,2256344.9999999995,0,275000,0,0,0,0,0,0,0,0
1749267,1043022,"A",24-JUN-25,0,0,0,,933.8220252842807,5136.515722630003,17.977805029205015,0,-0.0000000000000004440892098500626,17.977805029205015,0,110368,,,,,27-JUN-25,28-JUN-25,2340000,2355000,2267250,0,0,0,0,0,0,0,15000,0,0
1749898,1043022,"P",24-JUN-25,0,0,0,,933.8220252842807,5136.515722630003,21.2461821177,0,3.2683770884949825,17.977805029205015,0,110368,,,,,27-JUN-25,28-JUN-25,2340000,2340000,2252250,0,0,0,0,0,0,0,0,0,0
1751761,1041848,"A",24-JUN-25,0,0,0,,5136.515722630003,5136.515722630012,17.977805029205015,0,17.977805029205015,0,4.756,101122,,,,,17-JUL-25,18-JUL-25,6000000,6085830,5860830,0,0,0,0,0,0,8340,85830,0,0
1752451,1041848,"P",24-JUN-25,0,0,0,,5136.515722630003,5136.515722630012,35.95561005841006,0,17.977805029205015,17.97780502920504,0,101122,,,,,17-JUL-25,18-JUL-25,6000000,6000000,5775000,0,0,0,0,0,0,0,0,0,0
1753648,1038877,"P",26-APR-25,0,0,0,,2191.507847480307,12737.155932493833,52.25032322990949,0,7.6702774661810755,44.580045763728414,6.273,103313,,,,,06-JUN-25,08-JUN-25,2327500,2327520,2240238.75,0,140000,0,0,0,0,20,20,0,0
1754695,1651778,"P",29-MAY-25,0,0,0,,4416.1848750810495,4416.184875081052,30.913294125567358,0,15.456647062783674,15.456647062783684,0,101122,,,,,18-JUN-25,20-JUN-25,2003365.0000000002,2003365.0000000002,1928238.8125000002,0,0,0,0,0,0,50000,0,0,0
1755418,1042074,"P",03-JUN-25,0,0,0,,1539.106566346308,7026.273377542167,80.61132602313758,0,5.611326023137582,75,0,100817,,,,,,,1987500,1987500,1962656.25,0,0,0,0,0,0,0,0,0,0
1756644,1650272,"P",23-JUN-25,0,0,0,,5185.9689265036795,5177.379644549104,36.271719998684745,0,18.150891242762878,18.120828755921863,0,101122,,,,,,,2375099.9999999995,2375099.9999999995,2256344.9999999995,0,275000,0,0,0,0,0,0,0,0
1760058,1041021,"P",15-APR-25,0,0,0,,0,5337.39482789429,17.96238644002886,0,0,17.96238644002886,14.752,100269,,,,,30-APR-25,01-MAY-25,1650000,1650000,1588125,0,105000,0,0,0,0,0,0,0,0
1796744,1041237,"T",07-SEP-23,0,0,0,,0,2360.017113304478,8.260059896565672,0,0,8.260059896565672,14.5,104424,,,,,14-JUL-25,15-JUL-25,1252894.5,1253394.5,1237733.31875,0,130000,0,0,0,0,2000,500,0,0
1810449,1038877,"T",25-APR-25,0,0,0,,1383.2568898395868,9308.607248369126,38.093902504545255,0,6.003335536945758,32.0905669675995,0,102819,,,,,06-APR-25,06-JUN-25,4167274.5,4196105.5,4039832.70625,0,500000,0,0,0,0,48831,28831,0,0
1811156,1651778,"T",30-JUN-25,0,0,0,,534.165739004431,386.9141061970566,3.2237794582052066,0,1.8695800865155086,1.354199371689698,0,101122,,,,,,,0,0,0,0,0,0,0,0,0,0,0,0,0
1833237,1832345,"T",08-JUL-25,0,0,0,,1366.366115095258,3421.150584554204,16.11183504689723,0,4.598347502724426,11.513487544172804,0,102955,,,,,,,650000,650000,625625,0,120000,0,0,0,0,20000,0,0,0
1834182,1041179,"T",15-APR-25,0,0,0,,3421.1505845542038,7182.868419817642,37.38596450406606,0,12.061748855800078,25.32421564826598,0,101967,,,,,,,949494.3713641167,949494.3713641167,914138.3324379623,0,45000,0,0,0,0,15000,0,0,0
1840822,1041237,"A",26-JUL-25,0,1,0,,5289.917325708312,2360.017113304478,27.712883479877227,0,19.452823583311556,8.260059896565672,0,104424,,,,,14-JUL-25,15-JUL-25,1252894.5,1303152.2,1287491.01875,0,150000,0,0,0,0,40000,50257.7,0,0
1853361,1041237,"T",26-JUL-25,0,0,0,,110.68956055069805,4104.497449995643,50.387413461927444,0,0.3874134619274432,50,0,102355,,,,,,,1650000,1650000,1650000,0,0,0,0,0,0,0,0,0,0
1853953,1041179,"T",15-APR-25,0,0,0,,3421.1505845542038,3421.150584554204,24.12349771160016,0,12.061748855800078,12.06174885580008,0,101967,,,,,16-MAR-25,18-MAR-25,961260,961260,925212.75,0,115000,0,0,0,0,20000,0,0,0
1854438,1041179,"A",15-APR-25,0,0,0,,162.4593928693369,3525.173366727759,13.001269581888653,0,0.5727735525711856,12.428496029317468,0,104559,,,,,16-MAR-25,18-MAR-25,961260,971260,935212.75,0,115000,0,0,0,0,10000,10000,0,0
1857423,1041237,"P",26-JUL-25,0,0,0,,0,2360.017113304478,8.260059896565672,0,0,8.260059896565672,4.333,104424,,,,,14-JUL-25,15-JUL-25,1252894.5,1292894.5,1277233.31875,0,130000,0,0,0,0,40000,40000,0,0
1857909,1041237,"T",26-JUL-25,0,1,0,,5046.758507445036,8929.480931094313,62.663654776057626,0,17.663654776057626,45,0,102355,,,,,,,2565000,2565000,2532937.5,0,0,0,0,0,0,0,0,0,0
1858994,1041179,"P",15-APR-25,0,0,0,,3421.1505845542038,3421.150584554204,24.12349771160016,0,12.061748855800078,12.06174885580008,0,101967,,,,,16-MAR-25,18-MAR-25,961260,961260,925212.75,0,115000,0,0,0,0,20000,0,0,0
1866091,1041990,"T",17-JUL-25,0,0,0,,1596.847225770396,2998.7155569905217,16.084469739663213,0,5.588965290196387,10.495504449466827,0,101082,,,,,11-AUG-25,12-AUG-25,1461915,1461915,1443641.0625,0,200000,0,0,0,0,0,0,0,0
1876884,1041384,"A",21-JUL-25,0,0,635100,,1263.134724138621,621.9943009495076,6.5979515937987,0,4.420971540475423,2.176980053323277,0,104360,,,,,26-JUL-25,27-JUL-25,6796875,6801875,6546992.1875,0,175000,0,635100,0,0,0,5000,0,0
1878592,1041384,"P",21-JUL-25,0,0,635100,,1263.3678545261866,621.9943009495076,6.59876754416493,0,4.421787490841653,2.176980053323277,0,104360,,,,,26-JUL-25,27-JUL-25,6796875,6796875,6541992.1875,0,175000,0,635100,0,0,0,0,0,0
1882755,1041237,"T",26-JUL-25,0,1,0,,5046.758507445036,8929.480931094313,62.663654776057626,0,17.663654776057626,45,9,102355,,,,,,,2430000,2430003,2399628,0,0,0,0,0,0,0,3,0,0
1884560,1041237,"T",26-JUL-25,0,0,0,,110.68956055069805,8929.480931094313,45.387413461927444,0,0.3874134619274432,45,8,102355,,,,,,,2430000,2450000,2419625,0,0,0,0,0,0,0,20000,0,0
1892574,1041918,"T",24-JUL-25,0,0,0,,578.9525672081388,5147.785386947015,20.04358283954304,0,2.0263339852284856,18.017248854314552,0.64,102355,,,,,11-AUG-25,12-AUG-25,2203402.4999999995,2203402.4999999995,2120774.9062499995,0,275000,0,0,0,0,0,0,0,0
1893323,1041918,"T",24-JUL-25,0,0,0,,578.9525672081388,11596.717461753698,42.614845101366434,0,2.0263339852284856,40.58851111613795,0,102355,,,,915272,11-AUG-25,12-AUG-25,2489532.5,2489532.5,2396175.03125,0,259828,0,0,0,0,0,0,0,0
1893860,1041918,"T",24-JUL-25,0,0,0,,578.9525672081388,5759.636902160904,22.185063142791652,0,2.0263339852284856,20.158729157563165,0,102355,,,,915460,11-AUG-25,12-AUG-25,0,0,0,0,259828,0,0,0,0,0,0,0,0
1905214,1041179,"A",22-APR-25,0,0,0,,300,1649.1545822921228,0.7083333974358975,0,0.1666667307692309,0.5416666666666666,0,100955,,,,,01-AUG-25,03-AUG-25,650000,650000,625625,0,130000,0,0,0,0,15000,0,0,0
1905847,1041179,"P",22-APR-25,0,0,0,,1473.493817838319,1649.1545822921228,10.508912885054372,0,4.95887342541742,5.550039459636952,0,100955,,,,,01-AUG-25,03-AUG-25,650000,650000,625625,0,130000,0,0,0,0,15000,0,0,0
1909421,1043108,"T",11-JUL-25,0,0,0,,8083.004562520349,4416.184875081052,43.747163031604906,0,28.29051596882122,15.456647062783684,0,100817,,,,,02-AUG-25,04-SEP-25,1944442.5000000002,1944442.5000000002,1871525.9062500002,0,180000,0,0,0,0,50000,0,0,0
1914781,1043108,"T",11-JUL-25,0,0,0,,8083.004562520349,4416.184875081052,43.747163031604906,0,28.29051596882122,15.456647062783684,0,100817,,,,,04-SEP-25,06-SEP-25,2003365.0000000002,2115365,2040238.8125,0,180000,0,0,0,0,50000,112000,0,0
1915713,1041918,"T",30-JUL-25,0,0,0,,8083.004562520349,4416.184875081052,43.747163031604906,0,28.29051596882122,15.456647062783684,0,100817,,,,,04-SEP-25,06-SEP-25,2003365.0000000002,2115365,2040238.8125,0,180000,0,0,0,0,50000,112000,0,0
1922508,1041179,"A",09-AUG-25,0,0,0,,1389.0655244753104,1461.4887964857755,4.918474253379688,0,0,4.918474253379688,0,101435,,,,,05-AUG-25,08-AUG-25,11000,11000,11000,0,0,0,0,0,0,0,0,0,0
1923049,1041179,"P",09-AUG-25,0,0,0,,1389.0655244753104,1473.493817838319,9.633613171247791,0,4.674739745830371,4.95887342541742,0,101435,,,,,05-AUG-25,08-AUG-25,11000,11000,11000,0,0,0,0,0,0,0,0,0,0
1923958,1041125,"T",31-JUL-25,0,0,0,,1461.4887964857755,1649.1545822921228,10.468511370887159,0,4.918471911250206,5.550039459636952,0,100955,,,,,,,0,0,0,0,0,0,0,0,0,0,0,0,0
1924458,1041179,"A",14-AUG-25,0,0,0,,1473.493817838319,1647.600731489486,5.546340432315136,0,0.0015292221096663283,5.54481121020547,0,100955,,,,,31-JUL-25,03-AUG-25,10000000,10000000,10000000,0,0,0,0,0,0,0,0,0,0
1925025,1041179,"P",14-AUG-25,0,0,0,,1461.4887964857755,1649.1545822921228,10.468511370887159,0,4.918471911250206,5.550039459636952,0,100955,,,,,31-JUL-25,03-AUG-25,10000000,10000000,10000000,0,0,0,0,0,0,0,0,0,0
1926502,1041125,"T",31-JUL-25,0,0,0,,1461.4887964857755,1649.1545822921228,10.468511370887159,0,4.918471911250206,5.550039459636952,0,100955,,,,,02-JUL-25,17-JUL-25,10000000,10000000,10000000,0,0,0,0,0,0,0,0,0,0
1927075,1041179,"A",14-AUG-25,0,1,1000,,10153.421760191297,190,28.627076951549856,0,28.627076951549856,0,0,101435,,,,,31-JUL-25,03-AUG-25,1000000,1000700,1000700,0,25500,0,1000,0,0,813.3299999999999,700,0,0
1927530,1041179,"P",14-AUG-25,0,0,0,,1461.4887964857755,1649.1545822921228,5.5515557542633065,0,0.0015162946263540533,5.550039459636952,0,100955,,,,,31-JUL-25,03-AUG-25,10000000,10000000,10000000,0,0,0,0,0,0,0,0,0,0
1941370,1038877,"T",20-JUL-25,0,0,0,,7502.975008373257,0,26.2604125293064,0,26.2604125293064,0,0,104416,,,,,07-AUG-25,08-AUG-25,0,0,0,0,0,0,0,0,0,0,0,0,0
1946180,1041179,"A",07-AUG-25,0,1,0,,11345.31409066825,190,50.67760537928794,0.5,50.67760537928794,0,0,104420,,,,,09-JUL-25,09-AUG-25,1199000,1365285,1365285,0,0,0,0,0,0,15000,141285,0,0
1946704,1041179,"P",07-AUG-25,0,0,0,,1473.493817838319,1647.600731489486,10.503683579468575,0,4.95887342541742,5.544810154051155,0,100955,,,,,09-JUL-25,09-AUG-25,1199000,1199000,1199000,0,0,0,0,0,0,0,0,0,0
1951400,1040549,"T",10-MAY-25,0,0,0,,11450.575320316793,11392.051740422952,76.87422568518184,0,38.5355900202969,38.33863566488494,0,100195,,,,,,,0,0,0,0,0,0,0,0,0,0,0,0,0
1957381,1042074,"T",22-AUG-25,0,0,0,,0,0,50,0,0,50,2,100817,,,,,,,1875000,1875000,1851562.5,0,0,0,0,0,0,0,0,0,0
1959139,1042784,"T",01-NOV-22,0,0,0,,2018.7540054761068,5839.491835513732,26.442013246920933,0,6.79388367227536,19.648129574645573,0,101967,,,,,19-AUG-25,20-AUG-25,1635900,1635900,1574553.75,0,245000,0,0,0,0,0,0,0,0
1976375,1040617,"T",10-MAY-24,0,0,0,,1634.9708725610087,4403.609622115407,20.322145895545628,0,5.502305821118779,14.819840074426848,0,103154,,,,,,,2000000,2000000,1925000,0,95000,0,0,0,0,0,0,0,0
1976979,1040617,"T",10-MAY-24,0,0,0,,1824.4625989385609,5574.886213048586,24.901656850761725,0,6.140018361812464,18.76163848894926,0,103154,,,,,15-OCT-25,15-OCT-25,250000,250000,240625,0,270000,0,0,0,0,0,0,0,0
1981487,1042074,"T",22-AUG-25,0,0,0,,8305.000842394145,0,79.06750848504674,0,29.067508485046737,50,0,102379,,,,,,,2000000,2000000,1925000,0,0,0,0,0,0,0,0,0,0
1988372,1041179,"T",26-JUL-25,0,0,0,,1928.0756007269456,4363.345454704852,21.173051628857014,0,6.488715963984913,14.6843356648721,0,103793,,,,,,,1250549.9999999998,1250549.9999999998,1203654.3749999998,0,48000,0,0,0,0,25000,0,0,0
2003443,1038877,"T",20-JUL-25,0,0,0,,8822.318553725374,4226.843637528836,45.67206766938973,0,30.878114938038806,14.793952731350924,0,103029,,,,,15-AUG-25,16-AUG-25,0,200000,200000,0,0,0,0,0,0,0,0,0,0
2007876,1041620,"T",15-AUG-25,0,0,0,,3143.774194860468,1645.312738561397,16.761804266976526,0,11.003209682011638,5.758594584964889,5,100816,,,,,29-AUG-25,30-AUG-25,1500000,1500000,1443750,0,358170.8991077556,0,0,0,0,40000,0,0,0
2008558,1041179,"T",01-AUG-25,0,0,0,,5128.647643589438,12968.872981567036,60.905117488507365,0,17.259871877464455,43.64524561104291,0,103029,,,,,,,0,0,0,0,0,0,0,0,0,0,0,0,0
2009513,1041179,"T",03-OCT-25,0,0,0,,12978.376429632104,3421.150584554204,55.19071591312699,0,43.67722836895419,11.513487544172804,0,104420,,,,,18-FEB-25,19-FEB-25,13000,13000,12512.5,0,0,0,0,0,0,0,0,0,0
2011421,1041620,"T",15-AUG-25,0,0,0,,3143.774194860468,1645.312738561397,16.761804266976526,0,11.003209682011638,5.758594584964889,2.522,100816,,,,,29-AUG-25,30-AUG-25,1500000,1500000,1443750,0,358170.8991077556,0,0,0,0,40000,0,0,0
2012008,1650272,"T",30-JUL-25,0,0,0,,1645.312738561397,1645.312738561397,11.517189169929779,0,5.758594584964889,5.758594584964889,6.731,103670,,,,,29-AUG-25,30-AUG-25,1500000,1800000,1743750,0,359029,0,0,0,0,40000,300000,0,0
2022707,1040617,"T",10-MAY-24,0,0,0,,2170.910612940924,6413.037917607622,28.888288323961454,0,7.3059491781665695,21.582339145794887,0,100269,,,,,,,1680000,1680000,1617000,0,335000,0,0,0,0,0,0,0,0
2025146,1042278,"A",26-OCT-22,0,0,0,,156.08559434678205,9189.227586488218,45.525288207980125,0,0.5252882079801264,45,4.25,103932,,,,,,,978750,1578750,1542046.875,0,0,0,0,0,0,15000,600000,0,0
2025723,1042278,"T",15-DEC-22,0,0,0,,0,3421.150584554204,11.513487544172804,0,0,11.513487544172804,0,104526,,,,,05-SEP-25,06-SEP-25,672882,672882,647648.925,0,75000,0,0,0,0,0,0,0,0
2027531,1041179,"T",01-DEC-25,0,0,0,,1928.0756007269456,3180.434383826702,17.192100909555545,0,6.488715963984913,10.703384945570631,0,103793,,,,,,,968905,968905,932571.0625,0,68000,0,0,0,0,25000,0,0,0
2028423,1832345,"T",26-JUN-25,0,0,0,,0,3421.150584554204,11.513487544172804,0,0,11.513487544172804,0,104526,,,,,,,0,0,0,0,0,0,0,0,0,0,0,0,0
2029147,1832345,"T",26-JUN-25,0,0,0,,0,3421.150584554204,11.513487544172804,0,0,11.513487544172804,0,104526,,,,,,,672882,672882,664470.975,0,0,0,0,0,0,0,0,0,0
2030911,1042278,"P",26-OCT-22,0,0,0,,156.08559434678205,9189.227586488218,45.525288157952694,0,0.5252881579526923,45,4.25,103932,,,,,,,978750,978750,942046.875,0,0,0,0,0,0,15000,0,0,0
2033455,1042150,"A",22-MAR-26,0,0,0,,2034.9127756120447,13423.57648165076,52.79763981572378,0,6.848264148694382,45.94937566702939,0,105149,,,,,,,3800000,3891900,3749400,0,135000,0,0,0,0,0,91900,0,0
2039325,1040617,"T",10-MAY-24,0,0,0,,1550.82693068019,15240.057372646657,57.4127155584077,0,5.219129590695168,52.19358596771253,0,103154,,,,,,,3000000,3000000,2875000,0,325000,0,0,0,0,130000,0,0,0
2045663,1040617,"D",10-MAY-24,0,1,0,,8091.700661243789,0,27.231684917647367,0,27.231684917647367,0,0,103154,,,,,,,0,0,0,0,75000,0,0,0,0,130000,0,0,0
2049121,1041021,"T",06-JUN-25,0,0,0,,1634.9708725610087,8500.407540451633,35.10944658225409,0,5.502305821118779,29.607140761135305,0,103154,,,,,,,680964.237506112,743025.237506112,717489.0785996327,0,0,0,0,0,0,15000,62061,0,0
2055972,1042278,"T",15-DEC-22,0,0,0,,9189.227586488216,9189.227586488218,75.92528514683534,0,30.925285146835343,45,5,103154,,,,,,,978750,978750,942046.875,0,0,0,0,0,0,50000,0,0,0
2060665,1042784,"T",01-NOV-22,0,0,0,,4402.661845275763,3180.434383826702,25.52003664715673,0,14.8166517015861,10.703384945570631,0,103527,,,,,,,968905,968905,932571.0625,0,68000,0,0,0,0,25000,0,0,0
2061947,1042784,"T",24-NOV-22,0,0,0,,7817.100127676975,4363.345454704852,41.99670885177246,0,27.31237318690036,14.6843356648721,1,102379,,,,,,,1264445.0000000002,1264445.0000000002,1217028.3125000002,0,43000,0,0,0,0,5000,0,0,0
2063270,1042784,"T",01-NOV-22,0,0,0,,4402.661845275763,4363.345454704852,29.500986105703994,0,14.816650440831895,14.6843356648721,1,103527,,,,,,,1264445.0000000002,1264445.0000000002,1217028.3125000002,0,43000,0,0,0,0,5000,0,0,0
2064136,1041918,"A",19-AUG-25,0,1,0,,3395.076311010987,11897.423864279845,53.52375457932587,0,11.882767088538454,41.64098749078741,10,101122,,,,,10-SEP-25,12-SEP-25,4100000,4100000,3946250,0,265000,0,0,0,0,225000,0,0,0
2065717,1042784,"T",01-NOV-22,0,0,0,,1260.5723238013622,4363.345454704852,18.926646369972836,0,4.2423107051007385,14.6843356648721,1,102858,,,,,,,1264445.0000000002,1264445.0000000002,1217028.3125000002,0,43000,0,0,0,0,20000,0,0,0
2067728,1040617,"T",05-MAY-24,0,0,0,,0,5129.837399721669,40,0,0,40,0,103029,,,,,,,800000,800000,800000,0,0,0,0,0,0,0,0,0,0
2068304,1041179,"T",03-OCT-25,0,1,0,,10359.2013963323,0,34.862697006887544,0,34.862697006887544,0,0,104420,,,,,,,0,0,0,0,0,0,0,0,0,0,0,0,0
2069196,1043022,"T",12-JUL-25,0,0,0,,12510.52499433884,563.4136301110285,45.75878518557454,0,43.78683748018594,1.9719477053886,0,104417,,,,957274,20-AUG-25,21-AUG-25,0,0,0,0,0,0,0,0,0,0,0,0,0
2070739,1041179,"T",15-APR-25,0,0,0,,3421.1505845542038,3421.150584554204,24.12349771160016,0,12.061748855800078,12.06174885580008,0,101967,,,,,,,961260,961260,925212.75,0,115000,0,0,0,0,20000,0,0,0
2075512,1038877,"T",20-JUL-25,0,0,0,,0,5302.990608129091,18.56046712845182,0,0,18.56046712845182,0,103029,,,,,,,10000,10000,10000,0,0,0,0,0,0,0,0,0,0
2076267,1043022,"T",12-JUL-25,0,0,0,,6231.79187416111,4419.994125705502,37.28125099953314,0,21.811271559563888,15.469979439969254,0,103029,,,,,23-AUG-25,24-AUG-25,0,0,0,0,0,0,0,0,0,0,0,0,0
2076775,1041384,"T",29-JUL-25,0,0,0,,2342.237614903112,3077.4091001501047,18.968763502686258,0,8.197831652160891,10.770931850525367,0,101545,,,,,,,0,0,0,0,0,0,0,0,0,0,0,0,0
2077310,1042074,"T",22-AUG-25,0,0,0,,1539.106566346308,7026.273377542167,65.38687298221208,0,5.386872982212078,60,20,100817,,,,,,,1740000,1740000,1718250,0,0,0,0,0,0,0,0,0,0
2077784,1038877,"T",25-APR-25,0,0,0,,4413.249152756335,4411.990361395607,30.888338299531796,0,15.446372034647172,15.441966264884623,0,101122,,,,,12-JUN-25,14-JUN-25,2239055.0000000005,2639055.0000000005,2540090.4375000005,0,180000,0,0,0,0,50000,0,0,0
2078290,1043022,"T",12-JUL-25,0,0,0,,8823.87240452801,0,28.883317565384438,0,28.883317565384438,0,0,103029,,,,,13-AUG-25,14-AUG-25,0,0,0,0,0,0,0,0,0,0,0,0,0
2079402,1042784,"T",01-NOV-22,0,0,0,,1260.5723238013622,11396.297312884337,43.590037526427494,0,4.2423107051007385,39.34772682132676,1,102858,,,,,,,2300000,2300000,2213750,0,103000,0,0,0,0,20000,0,0,0
2082595,1043022,"T",12-JUL-25,0,0,0,,12107.675459722066,12107.675459722068,222.37686410902722,0,42.37686410902723,180,0,103029,,,,,,,5400000,5400000,5400000,0,0,0,0,0,0,0,0,0,0
2084991,1042784,"T",01-NOV-22,0,0,0,,1260.5723238013622,11396.297312884337,43.590037526427494,0,4.2423107051007385,39.34772682132676,1,102858,,,,,,,2300000,2300000,2213750,0,103000,0,0,0,0,20000,0,0,0
2085779,1042784,"T",01-NOV-22,0,0,0,,1260.5723238013622,11396.297312884337,43.590037526427494,0,4.2423107051007385,39.34772682132676,1,102858,,,,,,,2300000,2300000,2213750,0,103000,0,0,0,0,20000,0,0,0
2087156,1042784,"T",01-NOV-22,0,0,0,,469.10872802302276,11396.297312884337,40.926458117558084,0,1.5787312962313267,39.34772682132676,2,103378,,,,,,,2300000,2300000,2213750,0,103000,0,0,0,0,5000,0,0,0
2089558,1042150,"P",22-MAR-26,0,0,0,,2034.9127756120447,13469.718773253537,53.08022703702039,0,6.848264148694382,46.23196288832601,0,105149,,,,,,,3800000,3800000,3657500,0,210000,0,0,0,0,0,0,0,0
2091829,1043022,"T",12-JUL-25,0,0,0,,5963.117057380585,994.2739826808528,24.350868640215033,0,20.870909700832048,3.479958939382985,0,103029,,,,,,,30000,30000,30000,0,0,0,0,0,0,0,0,0,0
2093055,1038877,"T",20-JUL-25,0,0,0,,5150.003976411768,5162.008997764303,36.09204540961625,0,18.02501391744119,18.067031492175058,0,103029,,,,,,,0,0,0,0,0,0,0,0,0,40000,0,0,0
2095525,1041237,"A",26-JUL-25,0,0,0,,5289.917325708312,16534.19433111162,539.5140378511985,0,18.514712403284868,520.9993254479136,0,108623,,,,,,,18199976.39067698,18203976.39067698,17976476.685793515,0,0,0,0,0,0,2500,4000,0,0
2096416,1041237,"P",26-JUL-25,0,0,0,,0,9017.978952931848,90,0,0,90,36,102355,,,,,,,3150000,3150000,3110625,0,0,0,0,0,0,0,0,0,0
2104964,1669802,"T",21-AUG-25,0,0,0,,0,386.9141061970566,1.3021147804708635,0,0,1.3021147804708635,0,104146,,,,,,,20000,20000,20000,0,0,0,0,0,0,0,0,0,0
2106353,1043022,"T",12-JUL-25,0,0,0,,5136.515722630012,71.63556673707758,18.22852951278481,0,17.97780502920504,0.2507244835797715,0,103029,,,,,,,0,0,0,0,0,0,0,0,0,0,0,0,0
2106938,1043280,"T",22-MAR-26,0,0,0,,11221.970975264325,71.63556673707754,39.52762289700491,0,39.27689841342514,0.2507244835797714,0,105149,,,,,,,0,0,0,0,0,0,0,0,0,0,0,0,0
2108571,1042784,"T",01-NOV-22,0,0,0,,1260.5723238013622,469.1087280230228,5.821042001332065,0,4.2423107051007385,1.578731296231327,1,102858,,,,,,,425000,425000,409062.5,0,43000,0,0,0,0,20000,0,0,0
2109530,1042784,"T",01-NOV-22,0,0,0,,469.10872802302276,469.1087280230228,3.157462592462654,0,1.5787312962313267,1.578731296231327,2,103378,,,,,,,425000,425000,409062.5,0,43000,0,0,0,0,5000,0,0,0
2119524,1668130,"T",17-MAR-25,0,0,0,,0,3421.150584554204,12.061749952322703,0,0,12.061749952322703,2,104526,,,,,,,769007.9999999999,769007.9999999999,740170.1999999998,0,115000,0,0,0,0,15000,0,0,0
2121522,1042784,"T",01-NOV-22,0,0,0,,1848.7537356483106,5865.853700038844,43.59766805917352,0,6.221768564684209,37.37589949448931,0,101967,,,,,04-APR-25,14-APR-25,1840000,1840000,1771000,0,190000,0,0,0,0,40000,0,0,0
2123250,1042784,"T",01-NOV-22,0,0,0,,0,4112.236711352698,13.839258163206194,0,0,13.839258163206194,0,104526,,,,,,,816960,816960,786324,0,90000,0,0,0,0,20000,0,0,0
2123761,1832345,"T",26-JUN-25,0,0,0,,616.3357229911953,10421.137640443478,38.59670060122223,0,2.0742068588382736,36.52249374238396,0,101040,,,,,,,2160000,2160000,2079000,0,402500,0,0,0,0,15000,0,0,0
2128143,1651778,"T",30-JUN-25,0,0,0,,4226.843637528836,35927.53926320071,140.5403401525534,0,14.793952731350924,125.74638742120248,0,104417,,,,,,,0,0,0,0,0,0,0,0,0,0,0,0,0
2143065,1043022,"T",12-JUL-25,0,0,0,,47.65240271764022,12301.541396559633,43.222182397984255,0,0.16678340951174078,43.05539898847251,0,103029,,,,,,,0,0,0,0,0,0,0,0,0,0,0,0,0
2144271,1043280,"T",22-MAR-26,0,0,0,,6153.83579984429,315.12733283649607,22.64137096438275,0,21.538425299455014,1.1029456649277363,0,103029,,,,,01-SEP-25,02-SEP-25,0,0,0,0,0,0,0,0,0,0,0,0,0
2145048,1042784,"A",01-NOV-22,0,0,0,,6153.83579984429,315.12733283649607,22.770246900037353,0,21.709722222222222,1.060524677815131,0,103029,,,,,,,1250000,1250000,1250000,0,0,0,0,0,0,0,0,0,0
2145486,1041179,"T",03-OCT-25,0,0,0,,2048.6930511082837,2316.5685935929973,14.690784381206235,0,6.894640075845185,7.796144305361049,0,101967,,,,,,,750000,750000,731250,0,0,0,0,0,0,0,0,0,0
2146381,1042784,"P",01-NOV-22,0,0,0,,6153.83579984429,315.12733283649607,21.770549004214182,0,20.71002432639905,1.060524677815131,0,103029,,,,,,,1250000,1250000,1250000,0,0,0,0,0,0,0,0,0,0
2152943,1041077,"A",26-JUN-25,0,0,0,,0,3421.150584554204,11.513487544172804,0,0,11.513487544172804,0,104526,,,,,,,672882,672882,664470.975,0,0,0,0,0,0,0,0,0,0
2153539,1041077,"A",26-JUN-25,0,0,0,,616.3357229911953,10421.137640443478,38.59670060122223,0,2.0742068588382736,36.52249374238396,0,101040,,,,,,,2160000,3088180,3007180,0,402500,0,0,0,0,15000,928180,0,0
2155044,1041077,"P",26-JUN-25,0,0,0,,0,3421.150584554204,11.513487544172804,0,0,11.513487544172804,0,104526,,,,,,,672882,672882,664470.975,0,0,0,0,0,0,0,0,0,0
2155815,1041077,"P",26-JUN-25,0,0,0,,616.3357229911953,10421.137640443478,38.59670060122223,0,2.0742068588382736,36.52249374238396,0,101040,,,,,,,2160000,2160000,2079000,0,402500,0,0,0,0,15000,0,0,0
2157627,1651778,"T",30-JUN-25,0,0,0,,12077.098627797457,10030.794466825886,78.3776258311817,0,42.269845197291104,36.1077806338906,0,101122,,,,,,,722155.612677812,722155.612677812,722155.612677812,0,0,0,0,0,0,0,0,0,0
2174779,1041918,"T",29-AUG-25,0,0,0,,4416.1848750810495,4416.184875081052,30.913294125567358,0,15.456647062783674,15.456647062783684,3,101122,,,,,,,2474745.0000000005,2586745.0000000005,2493942.0625000005,0,180000,0,0,0,0,50000,112000,0,0
2206280,1668130,"T",02-SEP-25,0,0,0,,71.63556673707758,3461.593282882874,11.890685257616134,0,0.2410812571714363,11.649604000444699,0.392,101122,,,,,03-SEP-25,04-SEP-25,736966.1193657517,736966.1193657517,709329.8898895361,0,130000,0,0,0,0,15000,0,0,0
2209892,1041179,"T",15-APR-25,0,0,0,,3421.1505845542038,5150.003976411759,30.218814157251792,0,12.061748855800078,18.157065301451716,0,101967,,,,,,,961260,961260,925212.75,0,115000,0,0,0,0,20000,0,0,0
2210497,1042278,"T",15-DEC-22,0,0,0,,156.08559434678205,8401.016157418666,50.525288107925256,0,0.5252881079252583,50,4,103932,,,,,,,1087500,1087500,1046718.75,0,0,0,0,0,0,15000,0,0,0
2212414,1041179,"T",03-OCT-25,0,0,0,,12978.376429632104,226.9046168993726,44.44084967582708,0,43.67722836895419,0.7636213068728885,0,104420,,,,,,,0,0,0,0,0,0,0,0,0,0,0,0,0
2217471,1042784,"T",01-NOV-22,0,0,0,,1848.7537356483106,6077.181986984358,44.34273573750707,0,6.221768564684209,38.12096717282286,878.52,101967,,,,,04-APR-25,14-APR-25,1840000,1840000,1771000,0,190000,0,0,0,0,40000,0,0,0
2218286,1042784,"T",24-NOV-22,0,0,0,,1848.7537356483106,5865.853700038844,25.962621177793306,0,6.2217673795856605,19.740853798207645,0,101967,,,,,,,668710.1200222969,668710.1200222969,668710.1200222969,0,70000,0,0,0,0,0,0,0,0
2372703,1042784,"T",01-NOV-22,0,0,0,,4402.661845275763,4363.345454704852,29.500986105703994,0,14.816650440831895,14.6843356648721,1,103527,,,,,,,1264445.0000000002,1264445.0000000002,1217028.3125000002,0,43000,0,0,0,0,5000,0,0,0
2373236,1042784,"T",24-NOV-22,0,0,0,,3219.7507743976125,3180.434383826702,21.539084667101058,0,10.835699721530426,10.703384945570631,1,103681,,,,,,,1041057.5000000001,1041057.5000000001,1002017.8437500001,0,58000,0,0,0,0,5000,0,0,0
2375353,1042784,"T",24-NOV-22,0,0,0,,4112.236711352701,3421.150584554204,25.352745707379007,0,13.839258163206203,11.513487544172804,0,102379,,,,,,,0,0,0,0,0,0,0,0,0,0,0,0,0
2426323,1043022,"T",12-JUL-25,0,0,0,,5124.510701277469,5124.51070127746,35.87157490894225,0,17.93578745447114,17.93578745447111,0,103029,,,,,,,0,0,0,0,0,0,0,0,0,0,0,0,0
2494974,1040617,"T",10-MAY-24,0,0,0,,0,3421.150584554204,11.513487544172804,0,0,11.513487544172804,0,104526,,,,,,,0,0,0,0,130000,0,0,0,0,15000,0,0,0
2509355,1042278,"T",15-DEC-22,0,0,0,,1527.4196923179063,12124.321477940877,46.859384144810825,0,5.140354733762185,41.71902941104864,0,103154,,,,,,,2700000,2700000,2598750,0,110000,0,0,0,0,15000,0,0,0
2515710,1042216,"T",09-SEP-25,0,0,0,,0,5150.003976411768,18.15706530145175,0,0,18.15706530145175,0,103029,,,,,,,1305870.0000000002,1305870.0000000002,1256899.8750000002,0,130000,0,0,0,0,0,0,0,0
2537071,1650272,"T",11-SEP-25,0,0,0,,1303.5744958636224,2655.7598384569505,13.857670170122006,0,4.562510735522678,9.295159434599327,8.104,102575,,,,,24-SEP-25,25-SEP-25,2204020.0000000005,2204020.0000000005,2121369.2500000005,0,150000,0,0,0,0,0,0,0,0
2608970,1041179,"T",03-OCT-25,0,0,0,,1396.8229180913627,4559.787212265932,20.04628409254859,0,4.700846358961318,15.345437733587271,0,103793,,,,,,,1044225,1044225,1005066.5625,0,78000,0,0,0,0,20000,0,0,0
2628507,1042216,"T",09-SEP-25,0,0,0,,0,5150.003976411768,18.15706530145175,0,0,18.15706530145175,0,103029,,,,,,,1305870.0000000002,1305870.0000000002,1256899.8750000002,0,130000,0,0,0,0,0,0,0,0
2628928,1041848,"T",21-JUL-25,0,0,0,,0,13342.345875612828,46.698210564644896,0,0,46.698210564644896,4.5,103707,,,,913253,05-OCT-25,06-OCT-25,6000000,6000000,5775000,0,175000,0,0,0,0,0,0,0,0
2630227,1041077,"T",27-JUN-25,0,0,0,,1366.366115095258,3421.150584554204,16.66009745504713,0,4.598347502724426,12.061749952322703,0,102955,,,,,,,704924,704924,678489.35,0,130000,0,0,0,0,20000,0,0,0
2639324,1669802,"A",23-AUG-25,0,0,5000,,7444.788338844149,9483.518723997651,56.97026415379452,0,25.054576140340885,31.915688013453636,0,104416,,,,,23-AUG-25,24-AUG-25,500000,550000,550000,0,22500,0,5000,0,0,25000,50000,0,0
2639982,1043022,"T",12-JUL-25,0,0,0,,9697.797799288055,10549.870859409175,70.86684030544032,0,33.942292297508196,36.92454800793212,0,103029,,,,,,,0,0,0,0,0,0,0,0,0,0,0,0,0
2646140,1042278,"T",15-DEC-22,0,0,0,,0,1293.0979452092993,4.351771930992834,0,0,4.351771930992834,0,101426,,,,,,,0,0,0,0,125000,0,0,0,0,20000,0,0,0
2646891,1042278,"T",15-DEC-22,0,0,0,,1634.9708725610087,1436.6359838170251,10.337138458964537,0,5.502305821118779,4.834832637845758,0,103154,,,,,,,0,0,0,0,0,0,0,0,0,20000,0,0,0
2648938,1668130,"T",17-SEP-25,0,0,0,,2048.6930511082837,5161.691353011542,24.95071456735811,0,6.894640732477574,18.056073834880536,0,101967,,,,,,,1752989.5096570253,1752989.5096570253,1687252.403044887,0,135000,0,0,0,0,15000,0,0,0
2652626,1042500,"T",01-NOV-22,0,0,0,,1848.7537356483106,4856.749746941201,23.34492353867323,0,6.2217673795856605,17.123156159087568,0,101967,,,,,04-APR-25,14-APR-25,4140000,4140000,3984750,0,190000,0,0,0,0,80000,0,0,0
2661666,1041848,"T",21-JUL-25,0,0,0,,0,13342.345875612828,46.698210564644896,0,0,46.698210564644896,0,103707,,,,,09-OCT-25,10-OCT-25,6000000,6000000,5775000,0,0,0,0,0,0,0,0,0,0
2662321,1668130,"A",18-SEP-25,0,0,0,,2190.889095727782,1647.600731489486,12.917994610827346,0,7.37318445677619,5.544810154051155,0,101371,,,,,24-SEP-25,26-SEP-25,2660000,2660000,2560250,0,0,0,0,0,0,10300.25,0,0,0
2666910,1656475,"T",19-SEP-25,0,0,0,,286.22201849689975,4142.596110083112,15.6144228892244,0,1.0091160908544543,14.605306798369945,0,102292,,,,,21-SEP-25,23-SEP-25,908128.0000000001,908128.0000000001,874073.2000000001,0,105000,0,0,0,0,0,0,0,0
2667528,1668130,"T",19-SEP-25,0,0,0,,2190.889095727782,5150.003976411768,24.85776585817417,0,7.37318445677619,17.48458140139798,0,101371,,,,,,,1218812,1218812,1173106.55,0,130000,0,0,0,0,0,0,0,0
2669637,1042668,"T",19-SEP-25,0,0,0,,71.63556673707758,3421.150584554204,12.314310148783365,0,0.25256129298328633,12.06174885580008,0,101122,,,,,02-OCT-25,03-OCT-25,833092,833092,801851.05,0,130000,0,0,0,0,0,0,0,0
2678693,1043022,"T",12-JUL-25,0,0,0,,6219.786852808566,10702.99111603456,59.22972289095095,0,21.769253984829984,37.460468906120965,0,103029,,,,,,,0,0,0,0,0,0,0,0,0,0,0,0,0
2679115,1043022,"T",12-JUL-25,0,0,0,,7268.330873469998,15793.853549339472,80.71764547983315,0,25.439158057144994,55.27848742268815,0,103029,,,,,,,0,0,0,0,0,0,0,0,0,0,0,0,0
2684265,1656475,"T",22-SEP-25,0,0,0,,16.344124820953642,714.987206571609,2.444445868245723,0,0.05000000427577838,2.3944458639699446,1.046,102271,,,,,05-OCT-25,07-OCT-25,339068,339068,326352.95,0,60000,0,0,0,0,0,0,0,0
2685351,1042668,"T",22-SEP-25,0,0,0,,71.63556673707758,2651.702722798671,9.165080782091461,0,0.24108123421131877,8.923999547880143,3,101122,,,,,,,0,0,0,0,0,0,0,0,0,0,0,0,0
2689339,1668130,"T",22-SEP-25,0,0,0,,3332.684980890125,3421.150584554204,23.376421115823646,0,11.314672260023567,12.06174885580008,0,101371,,,,,,,833092,833092,801851.05,0,130000,0,0,0,0,0,0,0,0
2711859,1042668,"T",23-SEP-25,0,0,0,,71.63556673707758,3421.150584554204,12.302830090011398,0,0.24108123421131877,12.06174885580008,3,101122,,,,,,,801050,801050,771010.625,0,0,0,0,0,0,15000,0,0,0
2730005,1043488,"A",23-SEP-25,0,0,0,,2048.6930511082837,5832.9620268199615,26.524800743027743,0,6.894640075845185,19.630160667182558,0,101967,,,,,25-SEP-25,26-SEP-25,1250000,1250000,1218750,0,202500,0,0,0,0,0,0,0,0
2731532,1043488,"P",23-SEP-25,0,0,0,,2048.6930511082837,5832.9620268199615,26.524800743027743,0,6.894640075845185,19.630160667182558,0,101967,,,,,25-SEP-25,26-SEP-25,1250000,1250000,1218750,0,202500,0,0,0,0,0,0,0,0
2732472,1042900,"A",12-MAY-25,0,0,0,,3436.294014534624,3436.2940145346215,23.128888888888888,0,11.564444444444444,11.564444444444444,0,100195,,,,,20-MAY-25,21-MAY-25,1396500,1409000,1353140,0,630000,0,0,0,0,0,12500,0,0
2733212,1042784,"A",24-NOV-22,0,0,235000,,545.951226283527,10913.112724654076,38.56415752719386,0,1.8373358576849468,36.726821669508915,0,100343,,,,960119,17-JUL-25,26-SEP-25,2394000,2394000,2298240,0,117500,0,235000,0,0,0,0,0,0
2734566,1042784,"P",24-NOV-22,0,0,235000,,545.951226283527,10913.112724654076,38.56415752719386,0,1.8373358576849468,36.726821669508915,0,100343,,,,960119,17-JUL-25,26-SEP-25,2394000,2394000,2298240,0,117500,0,235000,0,0,0,0,0,0
2735626,1042900,"P",12-MAY-25,0,0,0,,3436.294014534624,3436.2940145346215,23.128902020906114,0,11.56445101045306,11.564451010453054,0,100195,,,,,20-MAY-25,21-MAY-25,1396500,1396500,1340640,0,630000,0,0,0,0,0,0,0,0
2739924,1042784,"T",06-SEP-25,0,0,0,,4549.219983834783,14663.84361142249,66.78528518408207,0,15.309875268765444,51.475409915316625,0,104040,,,,,,,1980000,1980000,1881000,0,175000,0,0,0,0,15000,0,0,0
2745089,1042784,"T",06-SEP-25,0,0,0,,3548.5029593367926,13242.954016755339,61.94207726699882,0,11.94207726699882,50,0,104040,,,,,,,1650000,1650000,1588125,0,110000,0,0,0,0,0,0,0,0
2748132,1042784,"T",06-SEP-25,0,0,0,,4549.219983834783,15509.255368598511,69.41530472117215,0,15.309875268765444,54.10542945240671,0,104040,,,,,,,3165000,3165000,3006750,0,233500,0,0,0,0,15000,0,0,0
2752771,2752276,"T",01-OCT-25,0,0,0,,0,5302.990608129088,23.20058391056476,0,0,23.20058391056476,0,104078,,,,,,,100000,100000,100000,0,0,0,0,0,0,52000,0,0,0
2753390,1042784,"T",01-NOV-22,0,0,0,,1260.5723238013622,4363.345454704852,18.926646369972836,0,4.2423107051007385,14.6843356648721,0,102858,,,,,,,1264445.0000000002,1264445.0000000002,1217028.3125000002,0,43000,0,0,0,0,20000,0,0,0
2754181,1042784,"T",06-SEP-25,0,0,0,,4211.262647098077,14662.006848042623,65.42663041925114,0,14.172518523887756,51.25411189536338,0,104040,,,,,,,3200000,3200000,3040000,0,168500,0,0,0,0,0,0,0,0
2755288,1042784,"T",01-NOV-22,0,0,0,,1747.163709888573,469.1087280230228,7.45860916604864,0,5.879877869817313,1.578731296231327,1,101960,,,,,,,425000,425000,409062.5,0,43000,0,0,0,0,20000,0,0,0
2757881,1042278,"A",15-DEC-22,0,0,0,,1634.9708725610087,4417.538636000647,20.369022384582493,2.5,5.502305821118779,14.866716563463713,2,103154,,,,,,,1283800,1283800,1235657.5,0,0,0,0,0,0,0,0,0,0
2763070,1042784,"T",06-SEP-25,0,0,0,,4549.219983834783,14662.006848042625,66.56398716412883,0,15.309875268765444,51.25411189536339,0,104040,,,,,,,1800000,1800000,1710000,0,193500,0,0,0,0,65000,0,0,0
2766263,1041848,"T",21-JUL-25,0,1,0,,3905.8328111120786,13294.036719973596,60.19954779014543,0,13.670414838892274,46.52913295125316,21.712,110949,,,,,23-OCT-25,24-OCT-25,5900000,5900000,5678750,0,175000,0,0,0,0,0,0,0,0
2774202,1042612,"A",24-SEP-25,0,0,0,,1928.5679619128366,958.6544267418175,12.96955010713151,0,8.663225567702828,4.306324539428684,0,103724,,,,,23-SEP-24,25-SEP-24,350000,365500,352375,0,90000,0,0,0,0,0,15500,0,0
2775420,1042612,"P",24-SEP-25,0,0,0,,1928.5679619128366,958.6544267418175,12.96955010713151,0,8.663225567702828,4.306324539428684,0,103724,,,,,23-SEP-24,25-SEP-24,350000,350000,336875,0,90000,0,0,0,0,20000,0,0,0
2778292,1042956,"T",24-SEP-25,0,0,0,,2048.6930511082837,1539.6367518595202,1832.8946400758452,0,6.894640075845185,1826,0,101967,,,,,,,1500000,1591300,1591300,0,0,0,0,0,0,0,0,0,0
2801421,1041848,"T",21-JUL-25,0,0,0,,424.3541144153719,0,4.4145137147179065,0,1.4145137147179063,3,0,110949,,,,,,,210000,210000,202125,0,0,0,0,0,0,0,0,0,0
2805526,1042784,"A",06-SEP-25,0,0,0,,379.85511878738845,185.31578393908435,5.6396312437801726,1.500694444444445,5.015972355523639,0.6236588882565339,0,103378,,,,,,,262500,262500,252656.25,0,23943.74,0,0,0,0,5000,0,0,0
2806438,1042784,"P",06-SEP-25,0,0,0,,379.85511878738845,185.31578393908435,5.6396312437801726,0,5.015972355523639,0.6236588882565339,0,103378,,,,,,,262500,262500,252656.25,0,23943.74,0,0,0,0,0,0,0,0
2807338,1042150,"T",27-MAY-26,0,0,0,,1698.5292654945754,582.8404228735053,7.677686451238733,0,5.716204258875975,1.9614821923627583,0,101960,,,,,26-SEP-25,27-SEP-25,210000,310000,299500,0,57000,0,0,0,0,0,100000,0,0
2808847,1042074,"A",22-AUG-25,0,0,0,,6032.321661862618,5124.510701277469,27.089861111111112,0,21.154444444444444,5.935416666666667,0,102379,,,,,29-SEP-25,30-SEP-25,2925000,2945000,2835312.5,0,252000,0,0,0,0,43850.36,20000,0,0
2809903,1042074,"P",22-AUG-25,0,0,0,,5886.536163321461,5124.510701277469,38.53866402609625,0,20.60287657162511,17.93578745447114,0,102379,,,,,29-SEP-25,30-SEP-25,2925000,2925000,2815312.5,0,252000,0,0,0,0,0,0,0,0
2811873,1041848,"T",21-JUL-25,0,0,0,,424.3541144153719,16103.57327328903,71.4852394004538,0,1.4852394004538017,70,10,110949,,,,,,,4119500,4119500,4068006.25,0,0,0,0,0,0,0,0,0,0
2824930,1042150,"T",27-MAY-26,0,0,0,,520.1937020184505,469.1087280230228,3.329383178024189,0,1.7506518817928622,1.578731296231327,1,105088,,,,,,,225000,225000,216562.5,0,43000,0,0,0,0,5000,0,0,0
2828481,1668130,"T",22-APR-25,0,0,0,,2190.889095727782,1647.600731489486,12.917997071397746,0,7.373185861192277,5.54481121020547,0,101371,,,,,03-OCT-25,05-OCT-25,950000,950000,914375,0,135000,0,0,0,0,15000,0,0,0
2829215,1668130,"T",29-SEP-25,0,1,0,,5546.104212649017,5593.40772956717,37.48874211322755,0,18.66477379256881,18.823968320658743,0,101371,,,,,03-OCT-25,,1999103.9999999998,1999103.9999999998,1924137.5999999999,0,80000,0,0,0,0,0,0,0,0
2843415,1042150,"T",27-MAY-26,0,0,0,,1704.252696037569,582.8404228735053,7.696948386313357,0,5.735465803972588,1.961482582340769,0.236,101960,,,,,26-SEP-25,27-SEP-25,215000,262800,254737.5,0,40000,0,0,0,0,15000,47800,0,0
2844080,1042150,"T",27-MAY-26,0,0,0,,1698.5292654945754,507.6244501595078,7.424555773835857,0,5.716204258875975,1.7083515149598818,0,101960,,,,,,,0,0,0,0,0,0,0,0,0,0,0,0,0
2855608,1651778,"T",30-JUN-25,0,0,0,,253.5563136716565,12252.331087717195,43.770605904860986,0,0.8874470978507979,42.88315880701019,0,105323,,,,,27-AUG-25,27-AUG-25,4475000,4475000,4307187.5,0,0,0,0,0,0,0,0,0,0
2873702,1651778,"T",30-JUN-25,0,0,0,,1382.171502016966,8445.887616338949,34.398206914245705,0,4.837600257059381,29.560606657186323,0,102035,,,,,21-OCT-25,21-OCT-25,1976000,1976000,1901900,0,0,9750000000,0,0,0,0,0,0,0
2888310,1651778,"T",30-JUN-25,0,0,0,,11525.439427255207,12284.755857166843,83.33568349547718,0,40.33903799539323,42.99664550008395,0,101122,,,,,,,0,0,0,0,0,0,0,0,0,0,0,0,0
2947033,1041918,"P",19-AUG-25,0,1,0,,3395.076311010987,11897.423864279845,53.52375457932587,0,11.882767088538454,41.64098749078741,10,101122,,,,,10-SEP-25,12-SEP-25,4100000,4100000,3946250,0,265000,0,0,0,0,200000,0,0,0
2948108,1668130,"P",18-SEP-25,0,0,0,,2190.889095727782,1647.600731489486,12.917994610827346,0,7.37318445677619,5.544810154051155,0,101371,,,,,24-SEP-25,26-SEP-25,680000,680000,654500,0,0,0,0,0,0,0,0,0,0
2948794,1669802,"P",23-AUG-25,0,0,10000,,7444.788338844149,9483.518723997651,56.97026415379452,0,25.054576140340885,31.915688013453636,0,104416,,,,,23-AUG-25,24-AUG-25,500000,500000,500000,0,35000,0,10000,0,0,25000,0,0,0
3042702,1039921,"A",05-NOV-25,0,0,0,,8012.354321968787,4939.940613001924,45.33303227239749,0.5,28.043240126890755,17.289792145506734,0,100817,,,,,,,2741700,2741700,2741700,0,0,0,0,0,0,0,0,0,0
3043376,1039921,"P",05-NOV-25,0,0,0,,8012.354321968787,4939.940613001924,45.33303227239749,0,28.043240126890755,17.289792145506734,0,100817,,,,,,,13000000,13000000,13000000,0,0,0,0,0,0,0,0,0,0
3066189,1832345,"A",26-JUN-25,0,0,0,,1179.8608552671847,7529.168682223437,27.979166666666668,0,3.5416666666666665,24.4375,0,103274,,,,,,,1375000,1375000,1324125,0,0,0,0,0,0,0,0,0,0
3067878,1832345,"P",26-JUN-25,0,0,0,,1179.8608552671847,7529.168682223437,29.309239224951842,0,3.9706859487712483,25.338553276180594,0,103274,,,,,,,1375000,1375000,1324125,0,0,0,0,0,0,0,0,0,0
3068424,1832345,"A",17-SEP-25,0,0,0,,163.9616640729638,10364.725397663153,50,0,0,50,0,100021,,,,,,,1050000,1050000,1050000,0,0,0,0,0,0,0,0,0,0
3070263,1832345,"P",17-SEP-25,0,0,0,,163.9616640729638,10364.725397663153,50.55179398148148,0,0.5517939814814815,50,0,100021,,,,,,,1050000,1050000,1050000,0,0,0,0,0,0,0,0,0,0
3077569,1043022,"T",12-JUL-25,0,0,0,,6211.816324391128,4411.990361395607,37.18332340025357,0,21.741357135368947,15.441966264884623,0,103029,,,,,,,0,0,0,0,0,0,0,0,0,0,0,0,0
3112222,1043022,"T",12-JUL-25,0,0,0,,5124.510701277469,5124.51070127746,35.87157490894225,0,17.93578745447114,17.93578745447111,0,103029,,,,,,,0,0,0,0,0,0,0,0,0,0,0,0,0
3112894,1043022,"T",12-JUL-25,0,0,0,,9697.797799288055,12951.62846900605,79.27299193902937,0,33.942292297508196,45.33069964152118,0,103029,,,,,,,0,0,0,0,0,0,0,0,0,0,0,0,0
3113897,1043022,"A",12-JUL-25,0,1,0,,5124.510701277469,0,17.93578745447114,0,17.93578745447114,0,0,103029,,,,,,,0,0,0,0,0,0,0,0,0,0,0,0,0
3114201,1043022,"P",12-JUL-25,0,1,0,,5124.510701277469,0,17.93578745447114,0,17.93578745447114,0,0,103029,,,,,,,0,0,0,0,0,0,0,0,0,0,0,0,0
3155690,1042278,"P",15-DEC-22,0,0,0,,1634.9708725610087,4417.538636000647,20.369022384582493,2.5,5.502305821118779,14.866716563463713,2,103154,,,,,,,1283800,1283800,1235657.5,0,0,0,0,0,0,0,0,0,0
